,DESCRIPTION,A10-170-10,A10-170-11,A10-170-12,A10-170-13,A10-170-14,A10-170-15,A10-170-16,A10-170-17,A10-170-18,A10-170-19,A10-170-1,A10-170-20,A10-170-21,A10-170-22,A10-170-23,A10-170-24,A10-170-2,A10-170-3,A10-170-4,A10-170-5,A10-170-6,A10-170-7,A10-170-8,A10-170-9,A10-171-10,A10-171-11,A10-171-12,A10-171-13,A10-171-14,A10-171-15,A10-171-16,A10-171-17,A10-171-18,A10-171-19,A10-171-1,A10-171-20,A10-171-21,A10-171-22,A10-171-23,A10-171-24,A10-171-2,A10-171-3,A10-171-4,A10-171-5,A10-171-6,A10-171-7,A10-171-8,A10-171-9,A10-172-10,A10-172-1,A10-172-2,A10-172-3,A10-172-4,A10-172-5,A10-172-6,A10-172-7,A10-172-8,A10-172-9,A10-182-10,A10-182-11,A10-182-12,A10-182-13,A10-182-14,A10-182-15,A10-182-16,A10-182-17,A10-182-18,A10-182-19,A10-182-1,A10-182-20,A10-182-21,A10-182-22,A10-182-23,A10-182-24,A10-182-25,A10-182-26,A10-182-27,A10-182-28,A10-182-29,A10-182-2,A10-182-30,A10-182-31,A10-182-32,A10-182-33,A10-182-34,A10-182-35,A10-182-36,A10-182-37,A10-182-38,A10-182-39,A10-182-3,A10-182-4,A10-182-5,A10-182-6,A10-182-7,A10-182-8,A10-182-9,A10-183-10,A10-183-11,A10-183-12,A10-183-13,A10-183-14,A10-183-15,A10-183-16,A10-183-17,A10-183-18,A10-183-19,A10-183-1,A10-183-20,A10-183-21,A10-183-22,A10-183-23,A10-183-24,A10-183-25,A10-183-26,A10-183-27,A10-183-28,A10-183-29,A10-183-2,A10-183-30,A10-183-31,A10-183-32,A10-183-33,A10-183-34,A10-183-35,A10-183-36,A10-183-37,A10-183-38,A10-183-39,A10-183-3,A10-183-40,A10-183-41,A10-183-42,A10-183-43,A10-183-44,A10-183-45,A10-183-46,A10-183-47,A10-183-48,A10-183-49,A10-183-4,A10-183-50,A10-183-51,A10-183-52,A10-183-53,A10-183-54,A10-183-55,A10-183-56,A10-183-57,A10-183-58,A10-183-5,A10-183-6,A10-183-7,A10-183-8,A10-183-9,A10-184-10,A10-184-11,A10-184-12,A10-184-13,A10-184-14,A10-184-15,A10-184-16,A10-184-17,A10-184-18,A10-184-19,A10-184-1,A10-184-20,A10-184-21,A10-184-22,A10-184-23,A10-184-24,A10-184-25,A10-184-26,A10-184-27,A10-184-28,A10-184-29,A10-184-2,A10-184-30,A10-184-31,A10-184-32,A10-184-33,A10-184-34,A10-184-35,A10-184-36,A10-184-37,A10-184-38,A10-184-39,A10-184-3,A10-184-40,A10-184-41,A10-184-42,A10-184-43,A10-184-44,A10-184-45,A10-184-46,A10-184-47,A10-184-48,A10-184-49,A10-184-4,A10-184-5,A10-184-6,A10-184-7,A10-184-8,A10-184-9,A12-2-10,A12-2-11,A12-2-12,A12-2-13,A12-2-14,A12-2-15,A12-2-16,A12-2-17,A12-2-18,A12-2-19,A12-2-1,A12-2-20,A12-2-21,A12-2-22,A12-2-2,A12-2-3,A12-2-4,A12-2-5,A12-2-6,A12-2-7,A12-2-8
,Normal,Tumor,Normal,Tumor,Normal,Tumor,Normal,Tumor,Normal,Tumor,Normal,Tumor,Normal,Tumor,Normal,Tumor,Normal,Tumor,Normal,Tumor,Normal,Tumor,Normal,Normal,Tumor,Normal,Normal,Tumor,Normal,Tumor,Normal,Tumor,Normal,Tumor,Normal,Tumor,Normal,Tumor,Normal,Tumor,Normal,Tumor,Normal,Tumor,Normal,Normal,Tumor,Normal,Normal,Tumor,Normal,Normal,Tumor,Normal,Tumor,Normal,Normal,Tumor,Normal,Normal,Tumor,Normal,Tumor,Normal,Normal,Tumor,Normal,Normal,Tumor,Normal,Normal,Tumor,Normal,Normal,Tumor,Normal,Normal,Tumor,Normal,Normal,Tumor,Normal,Tumor,Normal,Normal,Tumor,Normal,Normal,Tumor,Normal,Tumor,Normal,Normal,Tumor,Normal,Tumor,Normal,Normal,Tumor,Normal,Normal,Tumor,Normal,Tumor,Normal,Normal,Tumor,Normal,Normal,Tumor,Normal,Normal,Tumor,Normal,Normal,Tumor,Normal,Tumor,Normal,Normal,Tumor,Normal,Normal,Tumor,Normal,Normal,Tumor,Normal,Normal,Tumor,Normal,Normal,Tumor,Normal,Normal,Tumor,Normal,Normal,Tumor,Normal,Normal,Tumor,Normal,Normal,Tumor,Normal,Normal,Tumor,Normal,Normal,Tumor,Normal,Normal,Tumor,Normal,Normal,Tumor,Normal,Normal,Tumor,Normal,Normal,Tumor,Normal,Normal,Tumor,Normal,Normal,Tumor,Normal,Normal,Tumor,Normal,Normal,Tumor,Normal,Normal,Tumor,Normal,Normal,Tumor,Normal,Normal,Tumor,Normal,Normal,Tumor,Normal,Normal,Tumor,Normal,Normal,Tumor,Normal,Normal,Tumor,Normal,Normal,Tumor,Normal,Normal,Tumor,Normal,Normal,Tumor,Normal,Normal,Tumor,Normal,Normal,Tumor,Normal,Normal,Tumor,Normal,Normal,Tumor,Normal,Normal,Tumor,Normal,Normal,Tumor,Normal,Normal,Tumor
GENE,,,,,,,,,,,,,,,,,,,,,,,,,,,,,,,,,,,,,,,,,,,,,,,,,,,,,,,,,,,,,,,,,,,,,,,,,,,,,,,,,,,,,,,,,,,,,,,,,,,,,,,,,,,,,,,,,,,,,,,,,,,,,,,,,,,,,,,,,,,,,,,,,,,,,,,,,,,,,,,,,,,,,,,,,,,,,,,,,,,,,,,,,,,,,,,,,,,,,,,,,,,,,,,,,,,,,,,,,,,,,,,,,,
ACTA2,"actin, alpha 2, smooth muscle, aorta ",10.28,9.73,82.23,41.08,14.27,7.76,3.39,33.45,0.0,0.0,0.0,30.76,6.64,0.16,1.02,9.26,4.06,6.89,2.92,0.77,99.44,65.76,0.0,0.0,6.16,10.28,23.46,2.82,0.36,25.97,6.62,22.05,13.21,27.13,7.14,7.33,1.61,0.0,10.12,8.95,7.39,8.17,8.24,6.28,8.02,7.59,6.89,9.13,3.84,6.83,1.59,3.44,3.82,0.0,14.4,4.83,5.81,3.81,527.73,818.72,1.73,1106.16,393.59,3006.96,1318.62,1550.88,1222.58,1403.49,1053.93,1529.02,964.42,1210.67,1153.74,168.2,13.86,1669.95,616.21,3.07,1532.92,959.1,74.1,1770.17,1271.69,1104.15,124.06,2253.87,466.98,838.21,164.92,558.65,1844.13,250.17,571.0,355.45,643.83,806.18,1059.51,1933.29,1214.54,930.19,785.13,1849.0,768.28,834.46,120.82,1029.44,578.08,10.23,864.11,925.58,1300.56,541.32,9.64,1505.01,2423.4,1402.02,722.29,1249.45,1677.24,1835.45,1192.78,1696.49,1374.19,2164.99,52.67,1436.72,612.25,987.58,706.99,1592.56,1275.0,1617.54,1894.64,2609.41,2370.4,497.43,470.19,57.52,3003.09,1132.26,1843.87,2512.48,1874.06,2484.25,2786.54,2433.45,1588.77,1238.97,909.77,3497.84,2059.92,28.97,10.19,453.69,935.92,1296.49,399.36,2083.53,624.95,991.51,2479.91,1073.03,715.35,2185.73,819.86,2011.06,994.78,1119.94,1497.76,294.85,2343.61,923.04,1587.87,1397.41,2411.98,878.07,865.7,2065.35,1271.64,1424.52,1137.53,1680.09,1113.72,1556.23,1123.81,1.98,519.34,1072.38,1738.84,1089.89,1500.52,749.89,1437.6,1220.79,2172.74,975.62,1664.94,1261.17,1357.56,1009.72,1620.7,1193.79,1987.35,149.84,2028.87,908.57,1124.94,1307.01,733.57,1916.1,702.06,2229.25,1311.52,4378.39,1318.96,1233.77,1991.94,1352.53,825.46,1016.84,554.91,1393.33,308.95,2995.39,1907.18
ACTG2,"actin, gamma 2, smooth muscle, enteric ",0.0,8.66,0.0,0.0,6.92,0.0,0.0,0.0,0.0,56.12,0.0,0.23,0.0,0.0,0.0,0.0,0.0,0.0,0.0,7.78,9.4,0.0,0.0,0.0,0.0,0.37,8.12,0.0,0.0,0.0,0.0,0.0,0.0,46.42,0.0,0.0,0.84,0.0,3.51,27.41,0.0,0.14,0.12,0.0,0.0,0.0,0.0,2.08,1.4,0.79,0.0,0.0,0.0,0.0,0.0,0.0,0.0,0.0,391.27,585.92,0.54,1109.76,335.29,2441.73,815.87,1256.14,1085.25,1254.61,941.98,1537.42,667.92,855.58,407.44,108.47,3.2,1277.54,530.37,0.31,1354.71,668.56,79.77,1471.59,1044.78,962.1,90.61,1934.29,589.2,592.05,107.25,515.1,1547.06,197.25,512.17,184.19,670.54,744.92,937.3,1841.6,1274.88,999.25,841.32,1680.59,565.99,438.03,56.82,1117.73,554.45,24.62,623.35,658.89,758.08,314.96,16.33,1559.57,2142.27,1360.73,503.35,938.65,1595.98,1417.76,809.15,1325.34,950.24,1487.25,26.18,1062.38,407.61,623.45,456.15,1578.19,1333.38,1327.71,1846.03,2478.6,2272.02,355.53,422.3,63.35,2242.67,775.0,1666.98,1626.71,1885.96,2324.12,2254.84,990.55,1257.13,908.49,531.32,2308.61,1626.16,15.09,1.07,344.71,987.93,715.95,225.09,2100.57,414.87,1015.23,2224.39,787.35,503.41,1574.72,480.83,1264.05,709.39,808.63,1047.66,187.44,2421.86,1070.88,935.21,1051.87,1706.15,692.62,720.55,1774.23,866.83,1104.01,1142.23,1195.38,821.23,1491.15,971.01,1.68,290.43,887.49,1412.85,824.71,1213.03,572.63,1329.94,1048.59,2621.6,1086.29,960.64,619.83,1103.75,718.79,1123.54,802.33,1792.78,137.28,1329.35,862.4,937.4,886.18,673.92,1611.26,571.85,2161.7,1437.34,3534.72,620.28,1009.31,1691.77,1013.76,576.23,1101.0,526.13,1024.1,115.68,2656.04,1720.26
AMACR,alpha-methylacyl-CoA racemase ,23.44,4.12,27.43,0.0,6.9,0.0,3.31,3.61,0.0,0.24,0.0,14.11,1.65,7.15,3.59,0.0,1.47,3.25,6.43,0.9,9.57,11.98,0.0,6.21,1.85,1.85,1.29,3.39,3.22,11.55,0.0,0.0,3.24,17.15,2.31,2.74,4.35,8.49,18.17,22.69,3.57,3.73,4.59,2.61,4.09,2.61,4.08,0.0,6.9,3.32,3.8,2.53,3.61,0.0,0.09,5.28,3.25,2.69,67.65,2.84,0.41,5.64,56.02,5.56,4.38,8.12,9.75,7.31,6.79,8.02,6.03,9.55,8.84,116.54,21.09,9.85,8.5,2.76,18.62,21.56,1.11,5.99,240.15,9.8,0.72,14.86,104.74,6.81,41.79,2.0,8.56,14.85,2.89,35.51,1.06,87.9,3.72,11.62,128.18,9.64,118.55,6.3,120.41,3.74,32.91,5.5,1.82,0.0,22.46,16.5,12.7,108.06,8.92,68.65,0.29,24.23,6.04,15.83,9.93,11.08,52.57,13.98,220.94,2.83,2.45,18.13,57.09,6.56,215.24,155.67,14.28,34.81,10.28,9.33,13.45,281.5,68.93,0.0,26.13,138.04,10.47,4.79,29.34,5.97,71.97,7.3,62.65,12.48,24.88,6.65,22.49,0.11,2.78,5.84,224.96,9.0,35.09,9.82,87.79,6.07,5.64,7.64,221.04,16.81,52.26,17.73,13.18,37.96,4.23,60.89,13.5,158.65,9.36,46.38,14.89,269.94,10.46,15.95,43.71,6.49,79.28,5.5,28.9,16.01,57.36,1.76,99.86,120.96,5.04,14.62,15.41,77.59,19.09,27.29,10.1,125.13,4.33,23.74,8.39,56.48,16.8,57.87,6.74,22.97,283.45,18.73,169.54,15.87,88.69,6.91,31.85,8.16,249.85,7.67,10.02,153.0,10.69,15.13,59.0,20.18,39.45,7.35,244.23,7.95,530.47
ANXA2,annexin A2 ,139.79,453.29,122.55,129.38,133.8,42.21,150.26,53.79,151.08,160.8,181.39,116.18,21.47,380.42,353.49,386.9,181.07,440.9,328.52,41.69,192.39,133.23,0.43,122.47,248.47,366.85,120.66,408.49,15.14,107.56,416.63,126.42,51.96,124.82,127.61,198.38,20.55,165.35,262.95,114.06,389.36,397.86,501.87,128.55,135.9,378.15,191.69,10.96,205.4,49.38,109.46,310.02,306.58,155.08,249.8,104.64,46.9,81.73,103.17,106.57,0.59,210.29,39.13,245.29,137.23,222.4,171.86,236.43,108.61,181.14,89.09,162.8,248.16,73.58,13.71,262.92,94.32,0.0,149.06,157.76,7.68,277.86,204.84,193.51,23.45,215.83,210.04,122.35,30.64,68.51,209.95,36.41,73.99,48.36,55.39,128.29,122.89,293.9,160.89,154.73,183.02,194.56,134.51,97.44,15.01,122.6,74.12,0.25,201.52,158.64,93.5,87.31,0.0,237.83,197.07,191.27,62.35,119.56,198.09,249.6,175.82,182.32,175.14,285.62,5.6,171.57,99.0,103.18,150.53,207.13,133.81,206.5,173.62,280.05,274.91,130.78,62.61,6.62,250.11,125.97,236.1,265.69,186.89,301.48,252.29,382.06,177.45,183.82,78.6,220.74,231.49,4.87,0.0,84.85,140.36,224.69,77.09,190.3,117.95,39.28,231.37,182.52,93.5,253.33,119.15,162.65,183.27,194.07,128.17,39.86,210.04,170.22,170.15,162.2,163.15,88.74,155.79,205.38,165.71,183.77,186.22,256.98,164.27,161.47,149.14,0.0,95.12,193.86,215.08,242.42,225.19,168.98,211.4,201.64,245.94,191.86,261.87,192.85,119.07,150.0,207.26,202.59,261.34,21.18,147.17,130.28,127.61,207.91,139.81,232.45,125.26,348.4,198.59,344.27,399.22,170.7,273.68,190.43,129.77,245.09,108.9,218.16,71.95,279.07,209.25
AOX1,aldehyde oxidase 1 ,0.0,0.0,0.0,0.0,0.0,0.0,0.92,0.0,0.0,0.0,1.08,0.05,0.0,1.37,1.22,0.0,0.0,0.0,0.59,0.0,0.47,0.0,0.0,3.67,0.0,0.08,1.77,0.0,0.24,0.0,2.67,0.0,0.0,4.25,0.0,0.0,0.0,0.0,1.56,0.0,0.08,0.06,0.09,0.0,0.0,0.16,0.0,0.59,1.99,0.0,0.0,0.06,0.0,0.0,0.0,0.0,0.0,0.0,14.5,11.43,0.0,26.02,5.36,33.34,15.48,29.4,27.2,29.18,31.72,24.41,15.27,18.16,23.79,0.83,6.66,32.23,11.12,0.55,25.65,25.86,1.13,26.25,16.55,65.07,3.89,34.95,9.29,16.17,4.76,11.67,31.87,4.13,15.21,10.45,9.92,14.85,23.4,29.73,17.99,25.58,19.75,32.64,19.84,11.01,0.89,12.89,14.28,0.08,19.69,14.33,23.9,16.12,4.91,21.66,62.07,28.88,10.92,17.55,34.0,48.46,26.55,25.36,23.47,48.12,0.0,35.98,13.07,18.51,14.27,34.24,22.02,32.17,55.65,43.08,56.09,23.89,13.15,0.0,53.42,11.02,31.86,31.27,18.89,56.64,28.78,37.1,22.21,26.89,11.71,35.29,22.44,1.02,0.9,6.48,20.94,39.33,10.6,43.56,16.04,5.71,32.72,24.65,16.07,35.32,10.26,20.96,26.86,27.43,20.99,3.98,58.35,36.12,26.46,39.29,46.88,15.83,19.78,27.71,29.76,47.68,29.77,30.26,18.26,33.9,24.65,1.27,8.56,22.08,40.41,32.43,36.14,17.17,27.07,22.63,36.81,25.34,43.68,22.05,41.37,33.5,35.86,24.5,25.83,2.75,26.72,23.67,20.97,18.6,12.57,33.77,15.82,67.98,46.47,52.41,24.46,18.25,31.31,42.84,11.95,24.24,11.93,23.35,2.01,33.93,24.54
APOF,apolipoprotein F ,0.0,0.0,0.0,0.0,4.44,0.0,0.0,0.0,0.0,0.0,0.0,0.0,1.81,0.0,0.0,0.0,0.73,0.0,0.0,0.0,2.23,0.0,0.0,0.0,0.0,0.12,0.0,0.0,1.7,0.0,0.0,0.0,0.0,0.0,0.0,0.0,0.0,1.44,9.69,0.0,0.0,1.28,0.0,0.24,0.0,0.0,0.0,0.0,7.87,2.63,1.83,0.09,0.0,0.0,0.0,0.0,0.58,0.0,0.64,0.0,0.0,0.24,2.73,0.13,0.52,0.46,1.18,0.0,0.5,0.16,0.0,0.61,0.4,0.93,24.0,0.23,0.34,0.49,0.47,1.73,0.38,0.1,2.12,0.16,0.21,0.31,1.21,0.0,0.0,1.32,0.31,0.0,0.0,0.0,0.46,0.3,0.0,0.0,1.15,0.35,0.49,0.35,1.08,0.0,0.0,1.17,0.15,0.0,1.56,1.23,0.0,1.84,8.41,2.95,0.77,1.16,0.0,0.0,0.81,1.55,2.8,0.24,0.85,0.0,0.0,0.22,1.92,1.31,2.2,1.58,0.0,0.33,0.08,0.39,0.17,3.04,0.0,0.0,0.55,5.01,0.06,0.3,1.24,0.75,0.0,0.3,0.43,0.0,0.72,0.1,0.75,0.0,2.76,0.43,1.8,0.82,1.0,0.38,0.93,5.31,0.0,0.14,1.73,0.0,3.14,0.45,0.1,0.32,0.27,0.0,0.13,1.12,0.0,1.82,0.0,2.53,0.58,0.0,0.14,0.72,1.88,0.38,1.18,0.68,1.97,1.29,3.82,3.73,0.0,0.0,0.37,0.48,0.0,0.83,0.49,1.34,0.0,1.08,0.25,0.26,0.9,1.1,0.0,0.0,1.05,1.22,1.48,0.94,1.14,0.25,0.38,0.67,1.45,0.38,8.73,1.03,0.07,0.2,0.61,1.16,1.17,0.34,0.79,0.0,4.9
BMP5,bone morphogenetic protein 5 ,0.0,0.0,0.0,0.0,0.0,0.0,0.0,0.0,0.0,0.0,0.14,0.0,0.0,0.0,0.0,0.0,0.0,0.0,0.0,0.0,0.0,0.0,99.14,0.0,0.0,0.0,0.0,0.15,0.0,0.0,0.0,0.0,0.0,0.0,0.0,0.0,0.0,0.12,3.47,12.64,0.0,0.07,0.0,0.0,0.0,0.0,0.0,0.0,6.68,0.0,0.0,0.0,0.0,0.0,3.82,5.46,0.0,0.0,3.22,9.74,0.0,10.15,6.5,74.81,30.64,88.8,5.71,76.72,16.17,68.3,41.42,35.18,37.61,2.21,17.27,58.12,1.05,0.56,40.02,50.79,0.88,0.23,16.93,4.77,0.98,55.65,0.19,2.24,11.47,0.38,12.87,1.14,6.99,26.41,10.87,15.32,12.85,3.32,1.66,2.89,3.69,18.91,2.32,13.42,0.14,18.28,1.37,0.0,0.07,0.24,8.22,11.24,11.51,11.77,2.44,4.06,40.9,11.11,42.38,1.4,2.84,52.69,10.78,112.62,0.0,18.4,8.46,35.3,0.0,7.41,0.44,38.01,10.24,93.07,2.22,1.49,6.97,0.0,154.56,51.98,52.81,17.68,0.17,0.23,2.76,17.75,15.9,5.15,11.39,84.68,48.71,0.0,4.87,3.39,1.8,0.8,18.13,8.89,4.09,10.92,46.11,52.23,2.25,46.21,6.44,18.62,8.27,13.73,20.7,2.97,6.96,0.66,78.89,44.21,2.0,2.08,16.25,90.62,22.27,7.59,1.99,44.4,36.23,16.05,30.93,0.0,3.47,13.57,2.83,44.08,75.56,47.46,60.63,19.35,13.73,4.58,77.81,48.74,1.98,8.05,110.38,34.42,6.38,0.27,12.37,1.91,32.93,23.35,1.68,99.44,0.1,1.22,6.62,18.61,8.66,18.83,157.5,41.19,1.5,0.55,8.64,65.07,1.0,52.19,29.11
BMP7,bone morphogenetic protein 7 ,0.0,2.33,1.17,0.0,1.83,0.0,1.31,0.0,0.0,0.0,3.1,4.35,0.0,0.0,0.56,0.0,0.6,0.0,0.0,0.0,0.87,0.0,59.68,0.06,3.2,0.0,0.07,0.0,2.05,0.06,11.72,9.9,61.63,13.4,0.0,0.14,0.0,0.0,4.2,46.16,0.03,0.04,0.0,0.0,0.0,0.0,0.0,0.09,4.86,0.33,0.99,0.0,0.07,2.04,3.18,1.03,0.0,0.0,3.37,5.02,0.0,3.58,0.81,4.59,7.07,10.73,5.5,10.73,10.05,8.44,2.81,8.27,7.54,34.94,19.22,7.75,5.16,0.68,7.13,9.44,2.39,5.3,5.69,6.14,1.71,7.87,1.1,2.65,1.71,1.79,5.74,3.21,2.26,1.61,3.8,6.53,7.61,6.27,0.41,6.81,5.64,7.76,4.47,3.7,0.44,8.42,0.36,0.93,1.83,1.86,5.04,2.7,2.3,4.21,6.08,4.63,4.31,1.55,7.74,6.42,5.75,7.33,9.79,16.39,0.0,3.9,3.51,4.04,2.92,7.26,4.8,8.37,8.32,10.1,8.63,3.14,2.44,0.0,10.85,9.85,10.94,4.66,7.14,8.06,2.29,5.55,6.27,6.12,4.7,6.27,6.19,0.18,0.67,4.7,5.79,13.99,2.28,5.35,2.26,6.01,6.31,8.02,2.53,9.65,4.63,8.66,6.43,4.25,3.8,0.22,6.89,5.0,5.14,7.1,6.03,6.61,6.68,7.38,4.04,5.91,4.15,6.14,6.05,5.24,4.67,2.29,7.98,4.2,14.05,11.95,6.87,7.14,6.43,5.66,9.61,5.18,7.43,5.27,9.16,5.67,7.73,6.11,6.45,3.3,11.12,3.49,5.86,5.1,7.87,8.96,4.48,9.93,9.42,8.16,7.36,5.74,6.16,9.9,3.74,3.77,2.01,5.37,0.07,5.49,9.22
CA14,carbonic anhydrase XIV ,0.0,4.26,0.0,0.0,0.0,0.0,0.0,0.0,0.0,0.0,0.18,0.0,2.13,0.0,9.29,0.0,5.16,0.94,2.41,0.0,0.43,0.0,0.0,0.0,0.0,0.24,0.0,2.46,0.0,0.0,0.0,34.08,13.73,0.0,0.8,0.81,0.0,0.0,6.16,0.0,3.06,2.03,0.89,0.93,1.0,0.16,0.48,0.0,3.88,0.0,0.0,0.54,2.16,0.0,0.0,0.0,0.56,1.28,0.99,2.07,0.0,2.29,0.28,1.85,1.01,3.4,1.59,1.73,2.58,3.43,1.98,2.37,1.1,0.16,13.66,2.38,0.67,0.47,3.37,1.99,0.37,5.34,2.55,4.6,1.44,4.94,0.88,2.71,0.2,3.99,4.39,0.0,0.15,0.0,1.03,1.08,3.78,4.44,4.45,2.21,1.27,2.43,1.57,1.83,3.36,1.54,0.58,0.9,0.44,0.0,1.44,2.22,4.95,1.59,3.73,2.15,0.48,2.39,1.72,2.81,1.62,2.69,2.05,4.79,0.0,0.95,0.74,0.0,0.53,2.23,2.93,2.04,4.11,6.19,4.39,1.96,2.75,0.0,5.09,0.0,2.46,2.1,5.34,4.05,4.17,0.79,2.7,2.58,0.46,3.62,1.78,0.0,2.14,1.52,3.42,8.57,0.84,2.07,1.96,0.71,0.88,3.43,0.87,4.71,3.17,2.85,2.47,1.46,0.9,1.25,3.29,2.05,3.31,4.46,2.73,1.27,2.25,3.07,0.72,3.01,3.18,2.23,1.74,2.91,1.17,0.0,0.7,2.38,2.93,2.3,3.05,1.68,3.18,1.53,5.91,2.75,2.01,2.69,3.77,4.94,3.91,2.69,1.55,0.11,1.59,1.9,1.89,1.76,1.86,4.59,0.0,2.52,2.88,5.9,2.51,3.54,2.85,1.26,0.2,1.47,0.83,1.98,0.34,5.11,2.88
CAV1,"caveolin 1, caveolae protein, 22kDa ",8.25,5.85,237.84,11.76,7.2,0.31,3.61,0.0,0.0,3.43,0.0,0.0,0.97,0.0,0.89,0.0,3.36,0.64,0.75,2.9,23.41,0.36,0.0,8.6,24.84,0.97,9.28,1.31,2.2,5.98,8.22,0.0,14.31,82.82,0.13,1.34,2.8,0.0,5.48,54.83,2.12,1.45,0.74,0.05,3.75,3.77,0.44,3.57,8.52,1.19,6.69,0.49,1.3,4.32,0.0,0.0,0.47,0.37,79.65,37.21,0.0,98.33,32.28,260.35,65.8,125.93,73.19,134.44,120.44,124.61,93.74,76.11,122.78,17.56,29.22,103.83,35.27,1.79,107.37,95.19,3.19,110.01,96.64,130.55,6.95,84.17,20.62,92.68,19.34,23.1,155.42,14.95,108.89,40.35,35.47,52.59,123.8,121.35,61.5,72.44,61.98,152.76,122.04,36.52,5.77,72.29,27.54,1.83,113.36,133.58,229.19,95.36,5.53,153.06,165.87,120.77,76.64,161.45,116.56,158.51,99.8,106.49,158.6,127.64,0.26,115.09,46.74,111.35,91.06,140.17,157.33,188.98,195.56,209.15,252.8,52.18,63.49,11.68,286.48,116.54,95.22,96.59,56.83,120.07,105.54,108.91,77.75,155.54,119.3,258.13,73.89,0.88,0.0,22.23,67.72,100.77,51.33,210.25,56.89,43.7,229.57,106.16,69.49,276.97,78.12,171.43,121.94,94.79,147.37,30.08,191.57,87.98,211.15,201.46,346.01,85.66,107.65,180.75,119.58,140.63,101.58,128.81,87.26,132.13,90.48,0.16,34.67,86.17,190.51,155.3,128.6,80.11,102.64,96.98,186.55,108.84,159.57,92.48,125.7,111.68,214.58,151.03,77.43,2.95,115.01,74.45,94.77,92.12,72.54,163.01,91.93,168.73,141.9,209.34,226.45,86.2,151.74,90.61,57.87,98.45,37.93,100.04,18.77,217.52,160.11
CAV2,caveolin 2 ,0.0,0.0,0.18,0.0,3.08,0.38,1.19,0.0,0.0,0.0,5.91,3.57,1.96,2.92,4.54,0.0,1.78,0.41,0.0,0.0,8.49,0.0,7.16,0.0,5.45,3.36,13.7,3.48,0.78,2.96,0.0,0.0,60.8,0.3,0.52,2.3,0.0,2.05,8.12,5.07,5.45,3.17,1.71,0.69,5.14,10.26,0.89,0.77,6.44,1.85,6.12,0.62,3.07,0.5,3.09,5.17,0.06,0.24,29.96,6.0,0.0,41.72,14.69,60.84,12.0,34.94,19.31,35.14,27.27,33.98,24.81,23.26,43.56,5.18,27.6,37.86,5.53,0.77,27.93,26.76,1.67,23.66,27.45,24.92,2.14,18.22,6.17,20.76,6.91,4.71,36.67,3.93,26.32,9.2,5.24,18.62,32.53,28.0,19.17,17.22,12.3,31.92,38.4,11.4,3.55,17.2,7.05,0.0,35.69,35.1,59.61,31.72,8.64,45.25,65.98,45.35,24.42,35.17,23.24,45.51,32.96,28.06,59.54,72.3,2.03,30.35,12.08,27.68,44.01,31.91,45.52,67.59,56.95,74.06,62.89,21.48,8.23,2.8,56.5,23.56,19.37,29.4,12.57,26.17,20.38,32.06,14.02,42.42,30.22,50.2,18.55,0.61,1.87,6.01,15.8,22.97,13.96,47.5,19.88,14.75,47.88,31.72,17.82,58.37,19.84,41.76,39.54,33.31,29.29,4.77,41.58,26.43,43.91,74.25,63.08,25.61,29.07,61.9,43.31,35.57,35.14,48.92,41.21,37.68,35.82,0.15,14.74,29.37,62.65,60.45,42.13,28.91,26.61,26.78,47.69,38.25,62.88,41.72,30.86,26.98,96.01,62.18,14.58,0.74,29.96,24.28,31.22,35.84,27.39,60.81,31.05,42.58,40.16,54.31,60.35,32.92,43.68,34.24,27.6,28.03,10.91,49.06,10.7,60.81,49.71
CNN1,"calponin 1, basic, smooth muscle ",33.19,0.14,0.0,0.0,0.0,0.5,0.0,14.92,0.0,0.42,0.0,0.0,1.51,0.0,0.0,0.0,23.66,8.43,0.0,0.0,12.94,200.23,0.0,0.0,4.43,5.53,0.0,0.44,0.0,7.28,0.0,0.0,35.86,0.0,0.76,1.03,0.0,0.0,6.4,25.43,5.96,2.76,14.61,8.29,15.56,5.44,0.91,0.0,3.2,1.67,6.48,4.73,21.25,0.0,10.45,0.0,0.63,2.86,123.31,166.65,0.2,249.12,82.01,654.83,217.87,242.63,276.35,350.67,257.06,315.88,153.93,223.15,189.63,32.17,9.07,277.18,158.83,3.38,326.93,204.5,29.55,454.28,250.76,269.74,30.53,463.48,163.63,169.96,21.2,133.54,475.11,56.58,141.51,52.4,146.84,160.37,256.83,425.88,258.18,228.43,224.84,359.6,132.16,188.14,11.33,245.8,117.34,4.72,177.46,184.77,272.84,126.85,0.32,388.79,848.22,552.24,148.52,293.22,365.04,384.43,229.03,295.63,327.86,582.55,12.98,272.7,134.43,142.87,151.0,342.18,328.56,341.14,476.34,598.41,638.09,105.1,136.48,11.7,698.66,238.68,425.26,541.16,410.36,624.5,621.66,469.04,309.18,301.51,191.29,570.47,462.76,1.91,1.77,77.44,262.6,258.44,73.79,747.72,150.23,301.54,560.71,193.0,156.28,417.26,131.75,297.68,182.85,163.48,282.04,45.36,615.38,235.4,223.89,242.73,532.81,184.13,163.87,344.4,216.73,289.98,285.6,364.43,234.44,345.99,253.67,0.0,90.4,194.2,411.89,224.68,312.83,131.61,291.3,279.76,601.04,268.57,284.39,192.65,291.36,201.21,301.65,246.63,386.12,40.58,535.76,216.99,246.3,271.3,160.45,389.73,165.67,570.35,379.21,1106.22,403.72,233.48,358.27,288.9,162.63,370.02,172.7,250.34,36.14,768.16,442.15
CXCL13,chemokine (C-X-C motif) ligand 13 ,0.0,0.0,0.0,0.0,0.0,0.0,0.0,0.0,0.0,0.0,0.0,0.0,0.0,0.0,0.0,0.0,0.0,0.0,0.0,0.0,0.0,36.21,0.0,0.0,0.0,0.0,0.0,0.0,0.0,0.0,0.0,0.0,67.87,0.83,0.57,0.0,0.0,0.0,0.0,36.59,0.26,0.14,0.0,0.0,0.0,0.0,0.0,0.0,5.27,0.0,0.0,0.0,0.28,0.0,0.0,0.0,0.35,0.0,8.29,17.77,0.0,21.6,3.95,69.66,35.29,118.01,6.49,50.78,13.97,110.88,66.92,58.87,4.09,5.17,15.36,49.29,0.66,0.0,41.45,42.04,0.0,1.75,20.45,7.57,2.16,102.5,0.92,2.03,9.35,1.67,0.89,0.0,10.11,34.75,14.8,24.86,22.0,4.55,2.96,2.3,1.54,22.11,4.24,3.54,2.91,24.98,0.0,0.0,1.47,2.01,6.1,15.94,7.82,4.16,0.16,2.82,76.6,40.8,27.63,4.64,12.1,51.71,1.85,234.97,0.0,16.67,10.02,36.34,7.36,6.06,1.87,83.66,15.34,132.32,2.13,0.34,8.47,20.58,235.03,62.33,32.29,5.37,0.63,2.4,0.78,0.54,3.13,27.02,38.76,154.98,25.38,0.0,0.0,1.86,0.72,3.24,9.45,1.78,2.27,0.0,28.91,40.78,0.37,78.62,12.83,71.45,17.74,41.74,83.67,1.07,5.74,0.55,166.17,119.17,3.33,0.68,23.58,73.25,11.16,3.49,1.67,31.25,38.05,10.28,34.55,0.0,0.96,18.2,2.69,45.8,78.01,44.53,47.05,13.05,9.76,1.73,133.08,86.83,2.44,3.53,161.31,49.29,6.66,0.34,6.96,1.17,23.61,13.14,1.45,129.52,0.18,2.91,5.93,36.94,5.48,16.94,185.35,33.9,0.89,0.0,4.33,98.56,77.76,14.75,13.04
CXCR2,chemokine (C-X-C motif) receptor 2 ,69.18,132.33,164.65,30.65,43.2,89.73,310.41,105.05,47.34,79.12,49.09,196.69,25.09,323.25,85.86,401.81,74.74,9.61,24.52,2.62,79.04,102.23,210.28,236.36,125.36,54.62,232.48,102.17,104.09,135.85,227.77,189.78,110.56,253.55,6.17,97.91,109.8,401.01,108.73,96.44,19.07,18.93,9.31,8.34,46.32,87.27,5.62,225.62,61.87,34.34,235.83,19.34,17.24,54.23,94.22,113.25,15.79,32.88,1.74,0.45,0.0,6.53,0.27,0.49,0.84,0.6,0.67,1.37,0.71,1.52,0.82,0.98,2.36,0.06,26.41,1.04,0.92,0.0,0.23,0.76,0.24,6.23,1.99,3.77,2.55,0.94,0.92,3.42,1.57,1.69,1.22,0.0,1.96,1.06,0.28,0.63,0.74,4.02,1.1,0.55,0.93,2.03,2.41,0.21,0.0,0.92,1.64,0.0,1.17,0.7,1.98,1.13,5.02,0.93,3.6,1.72,1.71,0.26,1.4,2.91,1.69,1.73,2.96,0.98,0.0,0.2,0.53,2.87,0.34,2.21,1.11,2.13,1.37,1.06,1.94,1.42,4.45,0.0,2.72,0.79,0.08,3.98,1.16,3.49,0.93,2.39,0.85,1.74,1.02,2.01,0.67,0.76,0.51,1.68,0.87,4.46,0.08,1.17,1.58,0.45,1.99,2.77,0.88,3.02,3.25,0.84,1.98,3.48,1.07,0.0,1.21,1.08,1.34,1.45,2.26,0.56,2.24,1.92,1.5,1.07,0.57,0.83,0.82,2.05,0.81,1.44,0.26,2.88,3.33,1.62,1.1,3.68,0.93,1.28,1.52,0.58,1.04,1.44,1.2,1.18,4.23,2.51,3.99,0.14,0.38,1.24,0.44,2.67,1.69,1.02,0.24,1.59,1.53,1.69,27.7,1.03,1.69,2.16,1.73,1.32,0.85,2.09,0.0,1.28,1.58
DCN,decorin ,9.1,16.54,110.09,2.28,7.55,6.8,4.52,0.0,0.0,54.28,17.6,0.0,2.27,0.0,0.0,0.0,1.11,0.0,0.43,8.09,184.06,151.65,0.0,0.0,2.91,0.0,20.39,0.0,0.0,0.0,0.0,0.0,74.59,73.36,0.0,0.18,3.76,3.3,10.14,12.88,0.32,5.35,3.51,0.0,0.89,0.37,0.0,0.0,4.67,0.16,1.95,0.11,0.67,20.99,0.0,5.83,0.0,0.74,186.42,160.55,1.24,259.63,141.79,648.71,292.54,526.41,174.57,671.41,337.35,482.47,236.19,299.99,474.18,62.6,21.16,531.17,116.43,1.06,564.08,572.51,14.08,378.03,324.41,534.61,35.22,462.45,70.54,223.46,117.57,109.54,419.29,52.27,311.15,249.19,135.21,204.89,244.33,347.9,229.2,114.72,144.29,420.54,252.63,199.9,25.2,271.32,179.3,0.84,282.44,233.15,542.62,311.49,5.06,240.81,323.77,212.9,267.01,377.01,362.83,302.83,278.81,584.8,493.23,676.67,10.01,434.81,177.08,409.06,213.85,253.04,212.96,460.56,659.82,786.62,701.89,182.74,132.83,29.63,1232.39,549.03,386.04,484.28,173.05,547.89,487.61,592.44,270.92,367.97,383.09,924.81,393.33,2.67,1.2,70.83,217.92,425.51,202.57,495.73,186.27,94.46,546.52,440.49,202.94,513.93,221.52,556.88,329.44,329.3,364.99,90.08,423.72,215.7,506.43,439.26,573.09,184.85,256.18,693.16,476.95,355.06,204.21,553.45,392.13,391.47,426.75,0.0,194.51,258.85,716.66,646.31,704.92,483.23,511.53,304.3,338.83,187.69,917.0,561.13,315.79,286.14,768.08,499.6,296.0,29.06,428.91,207.82,344.17,266.91,192.58,624.03,275.91,674.18,347.02,1660.14,823.0,324.79,954.21,487.5,278.23,262.19,163.76,533.97,94.69,696.78,502.19
DKK1,dickkopf WNT signaling pathway inhibitor 1 ,0.0,0.0,0.0,0.0,0.0,0.0,0.0,0.0,0.0,0.0,6.95,0.0,0.0,0.0,0.0,0.0,0.0,0.0,0.0,0.0,0.0,73.8,0.0,0.0,0.0,0.0,4.5,0.0,0.0,8.49,13.22,45.27,0.0,17.29,0.0,0.0,0.0,0.0,2.65,10.28,0.0,0.0,0.0,0.0,0.0,0.16,0.33,0.0,3.88,0.0,0.0,0.09,0.11,0.0,0.0,0.0,0.0,0.31,28.1,11.22,0.0,45.36,5.22,12.73,12.13,4.25,12.58,30.79,11.15,6.29,0.95,15.52,11.92,1.02,19.71,4.1,4.17,0.45,7.71,10.43,1.79,17.93,17.43,24.87,0.0,8.11,3.9,9.47,0.75,0.46,17.54,0.52,12.89,4.44,6.97,6.06,19.94,20.08,1.66,3.92,18.05,18.33,14.53,12.09,0.51,12.26,0.83,0.0,10.33,28.73,4.83,19.37,1.4,12.98,9.54,19.36,21.62,12.21,4.14,16.75,6.33,16.9,23.01,49.89,0.0,5.5,6.26,2.58,2.81,9.97,4.02,19.56,5.37,20.79,7.73,4.93,9.17,4.19,8.58,2.45,22.94,2.5,1.15,7.5,1.0,19.93,4.93,2.13,14.57,12.7,13.23,0.21,6.17,0.27,5.99,1.87,1.06,3.33,3.47,2.04,11.06,31.8,2.27,54.45,13.41,19.18,14.56,5.51,10.05,2.4,15.01,7.6,13.15,14.24,9.13,3.06,12.22,5.33,13.74,9.37,7.55,10.88,5.61,4.51,8.27,0.0,5.09,8.5,18.08,40.66,11.86,6.47,10.05,14.98,21.45,15.93,3.15,8.94,7.71,7.48,6.85,11.14,2.47,1.4,4.18,8.41,8.72,7.64,10.25,6.43,0.71,7.94,11.35,10.06,9.45,8.5,13.96,11.87,4.41,5.25,9.53,14.37,1.22,15.45,13.01
DLX1,distal-less homeobox 1 ,0.0,0.0,0.0,0.0,0.89,0.0,1.45,0.0,0.0,133.0,0.0,0.0,0.0,5.27,0.1,0.0,0.0,0.0,0.0,0.0,7.91,134.92,0.0,0.0,0.0,0.0,0.0,0.0,1.98,0.0,11.89,0.0,46.37,25.52,0.0,0.8,0.0,0.0,13.36,47.83,0.0,0.0,0.21,0.0,0.0,0.13,0.0,0.0,4.82,0.9,1.37,0.0,0.0,0.0,5.12,8.32,0.0,0.0,2.01,0.26,0.0,0.0,3.3,0.1,3.04,0.25,0.15,0.09,0.0,0.06,0.13,0.0,0.14,2.08,36.83,0.08,0.0,0.55,2.09,2.91,0.27,0.46,6.37,0.0,0.0,0.12,10.23,0.0,0.15,0.0,0.0,3.04,0.46,0.44,0.0,5.68,0.0,0.04,0.0,0.0,1.93,0.0,0.49,0.0,4.06,0.0,0.45,0.0,0.0,0.0,1.27,3.4,4.95,0.0,3.66,1.02,0.0,0.96,0.0,0.15,0.52,0.46,1.05,0.0,0.0,0.0,2.05,0.0,2.09,1.29,0.2,1.31,0.18,0.0,0.65,0.16,0.14,0.0,0.0,5.82,0.0,0.34,6.08,0.11,0.52,0.0,1.25,2.13,0.82,0.0,2.91,0.0,0.84,0.0,5.3,0.23,5.29,0.17,1.77,3.3,0.29,0.1,3.02,0.16,3.98,0.09,0.08,0.08,0.2,0.55,0.0,0.77,0.0,1.11,0.0,5.07,0.09,0.63,1.4,0.0,0.81,0.0,1.24,0.16,0.05,0.0,5.34,1.97,0.17,0.34,0.0,4.4,0.0,0.0,0.19,3.11,0.0,0.34,0.28,1.61,0.34,0.38,0.12,0.96,10.18,0.04,4.37,0.1,0.11,0.06,0.39,0.23,3.68,1.79,11.21,1.26,0.79,0.23,8.91,0.0,0.37,0.16,8.15,0.32,6.75
DUOX2,dual oxidase 2 ,1.05,0.0,0.0,0.0,0.0,0.0,0.0,0.0,0.0,0.0,0.0,0.0,0.24,0.0,0.0,0.09,0.0,0.19,0.32,0.0,0.0,0.0,0.0,0.0,0.39,0.0,0.0,0.0,0.55,1.15,2.57,4.41,10.12,7.73,0.03,0.03,0.0,0.0,1.98,14.63,0.0,0.0,0.0,0.0,0.0,0.0,0.02,0.23,3.22,0.0,1.32,0.0,0.0,3.81,0.38,4.2,0.0,0.0,2.26,2.81,0.0,5.47,0.11,0.37,0.63,1.18,2.07,1.59,1.95,2.7,0.39,4.65,11.54,0.0,10.27,2.31,1.03,0.37,2.29,1.47,0.26,1.78,0.94,5.55,1.5,1.84,0.24,1.8,1.13,0.26,1.54,0.19,0.92,0.14,0.86,1.21,2.29,5.12,1.45,1.15,1.2,1.8,1.2,2.61,0.87,1.58,0.9,0.0,1.73,1.36,0.28,1.54,2.58,5.74,2.39,0.96,1.01,1.45,2.6,5.34,2.77,1.87,3.37,2.52,0.0,1.78,0.87,2.94,1.38,8.9,0.76,1.96,2.9,4.88,3.91,5.49,1.82,0.94,1.44,0.54,2.26,1.09,2.9,3.1,1.15,4.29,1.18,8.94,0.24,1.96,0.8,0.39,0.42,3.22,2.8,11.15,2.7,1.26,2.17,0.83,3.57,3.49,1.05,2.13,0.25,2.52,6.85,0.98,0.74,0.88,2.4,1.8,1.34,1.2,3.41,1.37,5.9,1.31,1.69,2.69,1.76,1.1,1.96,1.22,1.27,0.2,1.38,3.9,2.76,2.81,2.16,1.39,1.83,3.57,2.19,1.35,1.57,2.63,2.33,4.03,2.01,1.49,3.58,1.15,2.33,1.33,1.07,2.68,2.67,3.62,1.61,1.56,1.09,1.7,2.93,3.38,1.32,2.8,1.99,1.04,1.14,2.52,0.31,3.12,1.17
DUOXA2,dual oxidase maturation factor 2 ,0.0,0.0,0.0,0.0,0.0,0.0,0.0,0.0,0.0,0.0,0.0,0.18,0.0,0.0,0.0,0.0,0.0,0.0,0.0,0.0,0.0,0.0,0.0,0.0,0.0,0.0,0.0,0.0,0.68,0.0,0.0,0.0,0.0,28.22,0.0,1.16,2.03,0.0,0.0,29.43,0.0,0.0,0.0,0.29,0.0,0.0,0.0,0.0,2.96,1.15,1.76,0.0,0.0,0.0,0.0,0.0,0.0,0.0,0.0,1.16,0.0,1.49,0.17,0.0,0.68,0.0,1.39,0.83,0.11,0.98,0.0,1.09,3.27,0.0,8.78,0.92,0.35,0.0,1.56,0.0,0.23,0.43,0.0,1.25,0.76,0.41,0.18,1.01,2.08,0.0,0.24,0.66,0.0,0.0,0.2,0.19,0.0,2.27,0.46,0.11,0.0,0.0,0.0,0.0,1.74,0.96,0.0,0.0,0.0,0.0,0.0,0.0,0.0,1.53,2.74,0.0,0.3,0.0,0.58,1.6,0.15,0.2,0.14,0.24,0.0,0.0,0.62,0.17,0.0,1.53,0.25,0.0,0.0,2.12,0.67,0.74,0.0,0.0,1.1,0.0,0.41,0.5,0.91,0.0,0.68,1.16,0.28,0.0,0.0,1.2,0.0,0.26,0.0,0.0,0.0,2.45,0.63,0.1,0.19,1.84,0.75,1.57,0.47,0.0,0.0,0.67,1.8,0.15,0.0,0.0,0.18,0.31,0.0,0.3,0.12,0.25,0.64,0.18,0.0,0.28,0.1,0.82,0.2,0.18,0.4,0.0,0.52,0.79,0.21,1.37,0.28,0.26,0.1,0.77,0.0,0.5,0.0,1.47,0.36,0.33,0.22,0.75,0.73,0.0,1.43,0.33,0.1,0.46,1.06,1.18,0.0,0.26,0.12,0.31,4.55,1.09,0.18,0.65,0.0,0.0,0.3,0.18,0.31,0.55,0.48
EPHA2,EPH receptor A2 ,1.42,2.18,0.0,1.06,0.0,1.0,1.2,3.19,0.0,0.15,0.07,2.27,0.78,0.0,0.0,0.0,0.47,0.07,1.4,0.0,8.22,16.99,22.19,0.0,1.01,0.52,0.0,0.0,0.07,0.0,0.0,0.0,16.12,12.11,0.33,0.18,0.67,0.0,0.0,5.02,0.86,0.89,0.93,0.34,0.31,0.07,0.66,0.0,2.64,0.14,0.0,0.29,0.84,2.43,0.0,0.0,0.55,0.74,5.57,12.1,0.0,7.35,2.47,7.42,13.8,8.48,14.33,9.05,5.23,8.25,2.72,8.21,15.5,1.15,9.49,6.36,7.17,0.3,8.14,4.99,3.69,12.88,8.49,6.85,3.83,6.89,4.48,2.8,1.41,3.91,10.87,0.46,1.8,0.08,7.36,3.49,5.08,14.29,3.22,4.39,11.3,8.1,3.71,14.78,2.09,10.25,4.93,0.57,3.69,5.6,3.12,4.12,1.72,10.08,8.66,9.69,1.63,3.85,6.88,13.84,8.08,11.31,9.75,11.93,0.0,6.55,4.67,2.68,3.14,8.5,3.36,5.48,5.06,11.64,9.96,8.66,9.39,1.68,4.09,5.93,9.87,6.82,6.76,10.93,4.98,36.83,8.09,5.19,6.62,6.71,10.41,0.18,0.56,10.15,4.11,8.48,4.86,5.96,4.78,6.86,7.42,13.07,3.54,13.82,4.65,4.75,6.3,4.89,4.57,2.72,9.11,3.46,11.06,3.17,3.49,3.97,11.75,4.88,5.24,5.31,5.8,7.27,5.43,4.59,4.41,0.0,4.94,9.35,6.55,10.89,5.31,2.59,6.23,8.81,8.62,5.08,11.26,6.05,6.56,6.02,5.06,4.71,10.35,5.81,2.87,3.81,4.99,7.73,7.0,5.64,2.54,7.73,4.1,9.2,6.82,9.98,6.82,8.72,3.36,6.0,4.6,6.76,1.31,8.41,7.23
ERG,v-ets avian erythroblastosis virus E26 oncogene homolog ,9.64,15.96,0.46,10.4,0.0,4.02,7.51,2.77,5.03,0.0,7.45,9.57,2.71,13.3,3.67,8.18,4.86,0.62,0.77,0.0,4.44,0.94,0.0,11.29,10.36,1.36,3.27,2.27,6.85,5.77,10.4,0.11,42.81,20.04,0.0,2.67,6.23,7.25,21.19,12.99,0.95,0.97,0.39,1.03,4.79,1.91,0.29,10.35,10.16,1.21,6.61,0.58,0.46,0.0,10.85,1.42,0.38,0.61,35.57,3.81,0.0,14.39,196.21,14.19,44.69,10.68,9.31,11.98,7.39,12.34,8.09,9.17,10.95,26.16,75.9,14.97,5.43,3.05,5.82,92.07,6.03,12.94,205.23,10.73,0.22,13.97,8.92,6.96,1.3,1.51,11.37,26.61,7.96,4.74,3.19,133.21,10.64,15.18,19.34,9.25,70.08,11.44,54.51,3.37,38.92,8.81,3.01,8.03,14.06,6.33,11.18,12.88,13.14,11.57,12.02,18.53,5.51,10.86,10.69,12.65,154.86,10.13,78.9,16.13,0.05,8.54,7.69,7.35,13.18,15.39,22.49,53.06,9.19,12.3,14.38,7.49,16.92,13.24,40.14,166.47,12.73,14.02,101.59,10.84,11.02,28.57,96.12,8.08,3.84,12.06,14.49,0.15,2.52,2.03,165.31,7.93,4.47,10.2,8.26,8.27,14.68,17.18,69.18,16.72,13.72,10.74,11.91,13.2,6.94,2.63,6.77,47.73,11.2,42.82,7.23,228.8,5.33,11.94,39.99,8.39,5.3,13.74,44.43,11.98,12.13,0.61,133.37,11.0,9.3,8.71,14.4,10.51,9.81,12.49,10.09,79.27,24.66,19.28,4.58,9.98,20.0,22.38,9.97,2.22,119.21,6.14,118.59,8.26,6.87,6.56,6.99,12.96,75.75,16.46,76.55,12.91,14.32,10.89,171.24,13.16,9.39,12.2,6.72,12.4,161.06
FGFR2,fibroblast growth factor receptor 2 ,0.0,5.06,0.0,5.19,0.0,0.0,0.0,0.0,0.0,0.0,9.45,0.0,0.0,0.0,0.28,0.0,0.0,0.12,1.36,0.0,1.8,28.97,0.0,0.0,0.0,0.0,1.86,0.0,0.8,1.31,0.0,2.45,12.93,0.0,0.0,0.2,1.93,0.0,5.32,19.94,0.0,0.29,0.33,0.34,0.08,0.0,0.21,0.0,3.18,0.0,0.0,0.0,0.0,0.0,0.0,0.0,0.56,0.0,24.49,17.36,0.08,35.07,4.86,32.39,30.86,32.92,41.19,30.98,36.37,30.96,14.62,20.98,47.65,1.15,21.5,43.95,20.47,1.25,33.48,34.22,5.02,39.38,29.12,32.73,10.41,20.9,16.16,34.68,4.4,11.81,48.61,4.7,12.99,4.85,10.5,16.29,39.41,61.4,27.2,32.78,27.45,34.0,27.75,23.67,5.31,23.05,3.44,1.05,30.49,37.17,18.24,25.96,7.28,41.63,31.72,33.38,11.46,23.51,31.61,56.19,24.82,34.29,50.12,36.5,0.2,28.66,13.73,26.73,32.13,43.35,33.9,40.12,44.17,50.49,39.1,26.56,16.96,4.86,39.24,30.36,31.75,33.53,46.78,46.7,29.99,41.29,28.23,35.59,30.15,22.93,22.59,0.72,0.96,20.31,32.81,48.35,10.32,27.94,22.22,15.04,38.29,28.68,19.12,40.08,17.92,30.06,46.03,25.75,15.68,4.98,36.61,27.31,21.94,38.87,37.37,19.0,37.97,33.88,32.33,33.24,31.19,26.6,27.41,24.36,16.94,0.0,14.89,36.4,47.69,33.12,37.45,19.79,36.04,43.4,47.77,31.47,19.97,23.17,39.99,38.38,28.68,32.08,37.47,7.34,20.32,24.53,25.18,35.49,37.28,33.91,19.76,23.11,29.98,27.17,10.49,30.89,21.18,33.88,12.3,21.66,12.3,28.32,2.24,49.49,37.41
FLNA,"filamin A, alpha ",1094.74,397.66,344.68,524.82,863.63,868.88,172.42,641.84,338.65,211.09,1835.31,324.43,596.47,269.98,682.15,218.24,931.15,1494.87,960.55,45.74,388.32,245.66,154.25,954.89,266.18,1129.53,477.64,889.72,115.64,555.97,310.23,421.77,354.51,278.48,2266.41,895.99,164.04,146.31,294.79,882.38,1380.2,1358.9,2223.41,1614.31,2041.99,2808.92,1402.43,108.53,834.09,529.84,1185.77,1004.19,2036.62,473.86,250.63,674.62,1061.64,601.51,221.44,630.67,4.31,572.89,177.97,1745.02,800.84,866.5,785.83,987.27,612.99,880.76,300.22,713.03,677.93,89.62,12.34,899.49,446.06,1.09,1009.37,579.88,134.22,884.26,602.62,586.1,135.68,1149.7,312.66,352.74,62.85,386.88,1237.91,157.31,207.18,95.0,485.92,457.9,515.55,974.04,697.89,609.39,529.59,571.83,254.99,681.98,95.76,601.65,394.94,28.08,315.74,279.1,330.94,206.0,30.76,800.8,1122.14,774.05,305.83,429.46,852.87,966.97,616.21,943.97,734.71,1140.96,16.92,704.12,390.1,249.23,231.19,796.36,531.9,680.99,886.99,1489.52,1328.72,262.16,201.02,28.85,1140.17,361.21,1037.62,1391.89,1014.49,1116.42,1231.21,1350.87,861.34,338.69,271.9,1220.81,1204.11,13.7,12.98,307.09,570.6,663.08,266.83,1509.95,359.72,1324.37,1564.84,703.68,385.0,791.34,246.84,550.16,471.31,523.09,507.58,114.07,1428.0,601.39,433.82,589.14,660.42,388.74,509.62,1083.42,681.99,820.74,738.31,1042.55,700.53,1027.98,711.35,2.24,307.22,599.67,782.52,609.02,718.95,336.75,769.65,689.93,1249.94,619.07,1035.09,679.94,820.25,645.52,760.88,564.63,1277.97,237.88,993.4,462.67,641.63,862.7,543.65,826.79,302.1,985.63,757.36,1899.1,1152.2,654.36,978.44,876.12,420.54,697.28,474.47,616.18,126.48,1792.77,1070.53
GLYATL1,glycine-N-acyltransferase-like 1 ,0.0,0.0,0.0,0.0,0.0,0.0,0.63,0.0,0.0,0.0,8.51,0.0,0.31,0.0,5.51,0.0,1.51,1.32,2.29,0.0,0.0,0.56,0.0,0.0,3.85,1.05,0.0,0.16,0.0,0.0,0.0,27.42,7.82,27.2,0.35,1.12,1.32,0.0,11.83,27.63,0.27,1.76,0.43,0.5,0.0,0.0,0.11,0.0,2.59,0.0,0.0,0.36,0.87,0.0,0.0,0.0,0.26,0.52,14.54,1.89,0.15,1.32,30.48,5.03,4.86,3.26,5.48,4.15,4.77,5.54,3.26,6.24,1.27,5.2,23.98,4.81,5.17,1.33,4.19,10.07,0.72,5.11,23.84,2.11,3.85,10.41,47.73,3.37,8.95,1.38,2.2,6.11,0.0,6.12,0.21,13.92,2.42,7.42,21.92,11.29,25.29,4.66,27.08,2.85,4.34,4.12,2.18,0.0,34.64,16.04,1.6,14.52,3.1,27.2,12.47,20.15,0.0,3.23,4.12,5.2,5.27,7.6,21.21,0.21,0.0,7.68,8.42,4.28,23.41,13.53,1.74,5.98,4.07,1.81,6.45,59.62,23.45,0.0,4.24,26.93,6.08,3.66,12.64,8.31,22.5,3.06,17.42,4.63,13.06,2.98,8.33,0.0,0.0,1.7,28.39,4.76,8.07,3.46,34.37,1.66,0.95,1.71,18.25,3.75,10.67,5.41,6.61,13.29,0.56,1.53,5.96,8.8,1.89,3.09,2.03,7.78,3.24,4.49,6.07,15.0,15.23,5.05,8.03,3.88,7.65,1.81,18.44,27.71,3.11,4.95,7.76,24.13,3.76,7.02,3.68,13.27,1.54,11.85,14.19,12.96,7.56,16.77,4.71,0.57,72.19,14.64,31.25,9.37,9.94,4.27,29.0,8.42,17.05,4.08,9.66,20.18,2.82,5.67,46.95,10.47,9.22,7.66,44.39,1.93,19.92
HOXC6,homeobox C6 ,0.29,8.32,0.0,4.17,1.37,0.0,0.0,0.0,0.0,1.95,0.0,0.0,0.0,0.0,1.48,0.0,0.0,0.0,0.8,7.76,3.86,0.0,0.0,0.0,0.0,0.0,0.0,0.0,0.0,0.0,0.0,16.24,0.0,0.0,0.0,0.0,0.0,0.0,0.66,77.39,0.18,0.89,0.0,0.0,0.0,0.0,0.0,3.28,2.87,0.0,0.0,0.09,0.06,0.0,4.96,5.57,0.0,0.0,1.37,0.47,0.0,0.42,6.64,1.12,5.91,0.58,2.0,0.56,0.7,1.26,0.82,0.74,1.6,7.93,40.65,0.46,1.98,0.77,1.64,3.34,0.0,1.06,2.63,0.45,1.93,0.57,2.74,1.32,2.92,0.0,1.69,8.34,0.67,0.38,0.15,3.68,0.0,0.53,5.13,0.0,1.68,1.18,5.04,0.62,0.0,0.0,0.6,0.37,0.73,0.99,1.0,4.08,0.3,3.86,4.37,3.58,0.0,0.31,0.57,0.1,8.11,2.53,12.27,0.0,0.0,0.61,3.57,0.0,6.8,2.5,0.59,0.43,0.85,1.72,2.19,1.09,0.19,0.0,3.97,5.67,0.53,0.48,1.28,1.3,6.68,1.97,4.63,0.81,2.29,0.65,2.3,0.0,1.82,0.75,5.34,1.26,9.22,1.4,7.17,1.03,1.37,0.69,1.51,0.0,2.87,2.14,0.0,0.34,0.53,2.41,0.51,1.09,0.71,0.4,0.52,17.24,0.7,0.75,1.41,2.39,1.83,1.01,0.98,1.79,4.55,0.0,6.01,5.03,0.16,0.74,0.66,1.9,1.1,0.53,0.08,0.95,3.88,3.62,0.88,3.29,3.85,6.02,2.26,0.52,6.75,1.78,4.41,0.7,1.71,0.0,11.22,1.69,3.25,1.38,8.83,3.52,0.8,0.7,5.6,1.4,1.11,0.71,22.7,0.68,5.24
HPN,hepsin ,3.6,0.0,0.0,0.0,0.0,0.0,0.0,0.0,0.0,0.0,0.0,17.87,0.94,0.0,1.18,5.89,0.0,0.08,0.0,0.0,0.28,110.85,0.0,0.0,0.0,0.0,3.43,0.0,0.0,0.0,8.58,12.94,0.0,9.34,0.0,0.33,0.0,0.0,5.4,0.0,1.07,0.17,0.73,0.45,0.32,1.11,1.39,0.0,0.83,1.57,2.88,0.0,0.23,0.0,0.0,0.0,0.21,0.45,4.87,3.94,2.54,1.97,42.67,4.06,17.76,4.28,24.42,3.87,5.38,2.1,0.96,17.44,0.77,0.15,9.61,5.78,15.94,1.36,4.57,19.96,8.13,10.78,26.82,5.05,16.81,16.07,122.69,8.67,5.48,4.01,9.26,19.81,0.43,6.86,4.83,44.27,1.22,9.01,30.16,9.15,27.6,1.29,17.92,9.16,37.14,14.44,4.1,15.44,12.35,3.11,0.43,10.91,10.46,34.15,2.54,9.17,0.24,0.44,5.83,8.82,28.81,7.48,20.63,2.33,0.84,8.38,46.45,0.0,15.24,13.22,3.36,3.77,2.25,1.58,7.56,75.55,15.12,0.41,2.61,13.4,9.25,2.29,27.41,3.5,3.22,4.4,28.22,1.08,7.99,0.76,17.13,1.59,4.16,0.0,23.85,7.41,67.17,9.61,42.04,0.34,3.6,4.0,25.04,0.56,9.56,5.76,2.6,6.5,0.0,4.42,5.2,19.44,0.0,3.8,0.0,31.88,7.77,0.87,7.06,12.01,27.74,2.11,16.54,9.99,9.74,0.73,50.33,27.46,2.96,8.37,12.01,19.83,5.26,14.31,5.15,26.97,0.38,26.81,8.11,12.8,6.34,9.21,5.79,27.82,48.84,16.93,31.37,15.8,32.65,0.56,6.53,1.92,22.44,1.17,8.0,18.69,7.74,9.32,59.13,30.48,36.43,1.68,35.51,1.22,28.98
KCNMA1,"potassium large conductance calcium-activated channel, subfamily M, alpha member 1 ",2.43,0.4,0.0,48.62,2.56,46.01,4.77,55.79,0.0,31.6,0.67,2.62,17.82,4.36,6.89,0.0,0.0,1.64,17.24,0.95,4.58,21.07,43.08,6.3,4.65,9.42,15.95,0.31,0.82,1.15,2.52,12.2,55.28,56.35,45.37,0.09,7.01,0.0,24.07,99.2,0.84,4.45,19.95,3.89,1.56,63.25,4.03,1.81,18.47,19.83,31.34,4.13,10.31,0.0,0.64,1.94,5.26,6.59,63.63,50.0,0.24,77.05,36.61,194.33,66.91,75.93,62.4,70.8,56.94,81.37,56.19,66.32,108.72,19.24,47.0,86.26,38.95,1.45,89.49,67.28,14.1,71.69,61.43,68.55,10.92,103.27,21.25,59.68,16.0,59.0,97.17,16.03,49.76,26.72,43.48,43.16,82.68,114.78,90.44,55.14,55.48,70.61,48.91,79.96,18.29,77.78,55.19,7.83,63.1,65.99,111.85,51.83,5.77,88.42,141.12,88.29,48.64,70.4,96.1,105.59,76.9,76.9,66.5,131.78,0.0,102.51,68.02,30.25,57.31,83.16,66.9,84.64,87.71,121.67,101.02,25.27,33.98,15.81,122.25,49.7,78.56,165.32,94.35,71.31,106.61,138.74,78.25,57.66,54.39,132.26,94.04,5.0,2.08,13.61,41.9,54.49,37.84,101.71,51.57,75.4,150.22,55.44,49.65,86.78,34.22,79.16,77.41,81.3,57.91,15.56,100.68,44.62,63.6,76.61,120.83,55.97,51.6,112.18,97.71,92.75,67.94,110.42,67.24,92.48,82.48,1.37,26.87,59.58,90.38,68.51,78.44,41.35,55.26,49.07,75.99,41.71,99.92,62.55,60.4,68.3,106.26,72.01,84.48,17.64,104.85,44.15,60.38,83.62,37.98,74.58,38.75,75.13,62.82,123.05,64.45,75.45,67.83,65.72,49.49,73.89,42.28,70.42,34.86,161.27,109.66
KRT7,keratin 7 ,0.0,0.0,0.0,0.0,0.0,0.0,0.8,0.0,0.0,0.0,0.0,0.0,0.0,0.0,0.0,0.0,0.0,0.71,0.0,3.99,1.62,61.11,0.0,0.0,6.8,0.0,3.96,0.81,0.0,7.3,0.0,22.22,8.05,20.42,2.66,0.0,0.0,0.0,2.62,0.0,0.35,0.82,0.0,0.0,0.0,0.67,0.28,0.0,6.24,0.0,0.0,1.57,0.0,0.0,0.0,10.98,0.0,0.0,10.35,27.14,0.19,26.07,1.57,16.3,29.25,14.78,33.05,4.9,12.7,9.72,1.02,12.39,27.72,0.05,8.4,27.07,10.58,0.0,4.57,6.21,2.28,39.6,23.0,22.91,10.56,6.69,18.02,5.93,1.8,7.85,16.47,6.46,4.82,0.0,20.74,11.89,18.08,34.88,8.1,23.61,14.77,28.55,12.26,33.68,14.12,11.8,3.25,0.0,19.01,16.22,4.29,7.13,0.89,39.27,29.49,20.34,7.67,14.99,16.31,58.73,23.3,6.36,27.26,23.86,0.85,10.52,19.35,12.15,8.03,31.02,10.71,16.1,19.96,14.05,20.9,16.94,16.9,0.0,0.37,5.35,42.92,19.49,31.85,45.45,6.02,31.37,11.37,18.13,7.23,2.4,21.56,0.44,1.64,16.71,8.84,90.62,4.64,15.73,15.35,6.53,17.58,15.08,6.68,24.98,4.1,15.27,24.14,15.06,7.92,2.93,24.53,10.77,16.51,10.59,16.87,8.57,30.26,5.61,12.63,8.94,10.58,19.23,11.34,7.86,8.81,0.0,7.91,33.39,55.88,25.09,16.63,10.25,3.26,17.76,40.09,17.84,8.78,13.89,33.98,15.96,2.49,10.37,29.48,10.23,11.88,9.13,14.8,12.99,16.42,23.6,7.8,31.73,15.59,17.75,2.81,17.26,0.78,29.28,7.45,24.68,15.65,1.9,3.73,16.6,15.0
LMO3,LIM domain only 3 (rhombotin-like 2) ,0.0,1.49,0.15,11.26,2.21,0.0,0.78,0.0,0.0,0.0,15.18,0.0,0.0,2.06,0.0,0.0,0.0,0.0,0.0,1.83,0.55,0.0,11.3,3.38,1.28,0.06,0.0,0.0,0.17,5.33,0.0,6.58,0.0,0.13,0.0,0.0,0.87,0.0,10.3,9.74,0.0,0.0,0.04,0.07,0.0,0.15,0.1,3.84,9.51,0.38,0.3,0.0,0.05,4.8,0.0,8.43,0.0,0.05,18.51,5.81,0.0,12.79,12.33,60.94,15.4,35.11,11.53,34.41,20.22,24.41,31.49,17.93,28.99,1.96,23.86,22.1,3.82,1.34,24.88,21.44,0.97,8.76,10.53,36.89,0.18,18.19,1.88,14.34,6.77,1.91,18.71,2.52,24.88,14.87,5.22,10.12,24.05,17.22,5.7,4.42,2.93,28.21,17.24,7.38,2.87,11.52,6.18,0.0,7.22,7.04,36.91,22.67,6.93,18.62,39.62,12.8,24.62,27.59,15.88,14.93,16.8,30.72,22.36,34.28,0.0,11.85,6.58,37.22,37.38,15.08,16.29,35.66,52.31,43.62,35.79,5.83,17.17,4.63,65.09,17.39,19.86,18.7,7.29,16.85,8.23,16.31,14.73,34.65,23.51,60.96,17.41,0.0,0.92,6.27,6.78,36.63,10.98,34.44,10.95,7.6,26.06,28.97,12.11,42.73,11.06,40.94,26.44,24.49,32.89,6.73,25.11,7.42,50.86,60.78,66.51,13.23,18.81,44.8,22.13,17.33,8.22,32.97,27.96,20.32,19.77,1.08,9.24,14.73,43.08,25.1,37.48,25.34,28.49,15.51,20.93,8.99,59.14,30.0,18.31,17.8,47.15,24.27,9.33,0.37,30.61,4.62,18.79,16.47,8.65,46.51,14.75,40.66,21.55,53.17,22.12,24.85,52.92,27.18,8.86,7.48,5.35,39.12,3.78,34.98,26.7
LMOD1,leiomodin 1 (smooth muscle) ,5.61,1.93,23.55,0.19,4.06,0.18,0.0,0.0,0.0,0.3,22.31,0.0,0.0,1.01,0.1,0.0,0.05,0.07,0.26,0.19,3.81,0.28,0.0,0.06,3.78,0.0,1.69,0.0,0.52,0.76,2.71,0.0,41.37,32.16,0.13,0.09,0.11,2.45,15.72,29.53,0.1,0.36,0.21,0.37,0.62,0.0,0.25,0.0,10.97,0.24,4.09,0.65,0.02,0.0,0.68,3.05,1.01,0.0,44.92,70.34,0.77,78.98,38.17,288.3,94.25,142.86,91.55,161.22,82.85,145.13,51.44,96.37,109.33,12.48,27.29,130.1,53.34,0.3,141.18,82.22,10.58,105.54,81.26,92.75,8.26,162.03,26.29,63.7,11.91,39.5,150.56,24.74,45.13,22.48,61.28,61.66,92.14,156.92,106.23,65.69,63.13,111.93,47.44,95.85,6.7,85.95,37.25,1.52,57.23,53.83,71.54,39.58,7.98,117.38,185.52,112.6,62.69,81.25,143.78,137.09,93.82,161.26,130.47,211.89,0.42,104.25,51.4,51.98,52.11,126.33,83.73,131.72,152.46,236.6,212.06,41.76,33.04,2.88,265.9,93.36,148.07,210.38,128.11,170.39,180.47,234.06,164.46,64.89,56.52,220.08,172.14,0.91,1.81,34.11,79.38,86.93,39.95,216.93,56.84,142.65,261.95,118.4,67.59,172.64,41.69,91.32,86.08,87.68,92.59,16.67,192.82,63.72,91.22,102.92,159.72,74.32,81.26,161.16,87.39,107.96,78.85,156.44,102.65,167.92,118.55,0.0,39.45,93.68,135.89,94.99,132.87,60.05,119.17,86.41,172.69,83.19,167.11,108.38,114.04,90.29,171.73,98.59,171.71,22.18,128.81,55.16,93.01,109.13,69.11,164.41,51.54,158.05,122.34,327.49,112.38,102.71,150.95,127.04,68.41,80.83,54.58,122.28,19.2,276.2,180.28
MMP9,"matrix metallopeptidase 9 (gelatinase B, 92kDa gelatinase, 92kDa type IV collagenase) ",11.68,112.42,34.38,102.12,26.36,108.6,59.98,151.78,66.84,97.76,72.39,24.85,14.12,25.5,33.67,50.14,93.32,4.11,14.53,16.36,68.14,31.96,447.23,195.91,42.76,25.74,156.69,35.86,59.72,162.48,91.09,279.14,89.01,86.55,14.69,20.12,53.21,56.15,38.02,21.79,14.35,12.21,3.68,7.92,20.31,54.31,1.37,165.78,4.71,128.85,206.51,10.01,25.53,22.41,6.63,61.96,15.45,15.13,0.72,2.23,0.0,0.5,0.2,1.49,5.83,1.87,3.01,1.65,0.12,1.74,1.33,1.56,1.93,0.42,15.98,2.02,0.65,0.0,0.73,0.12,0.27,4.33,3.41,0.49,0.0,0.78,6.58,0.18,0.43,2.69,1.09,0.92,0.0,0.67,0.76,2.09,0.1,1.41,0.0,1.06,0.81,2.21,0.92,1.73,1.03,0.15,0.32,0.0,4.21,1.97,0.26,0.76,1.49,1.83,1.87,1.3,0.88,3.06,2.62,2.67,9.4,2.14,0.9,0.7,0.0,0.7,0.48,2.79,3.4,2.54,0.0,0.31,2.94,0.14,0.24,0.06,1.61,0.0,0.0,0.0,1.75,1.73,3.54,2.52,2.93,0.16,2.17,0.45,0.0,2.86,2.13,0.0,0.0,0.91,0.7,0.32,0.28,2.25,2.52,0.39,2.08,1.89,0.5,1.61,0.1,0.56,5.34,3.87,1.51,3.01,2.82,2.37,0.74,1.29,1.85,1.26,2.59,1.6,2.15,0.43,0.71,1.08,0.44,0.92,1.7,0.0,2.18,4.31,0.83,0.75,0.05,8.87,1.55,3.13,4.36,0.78,0.98,2.22,0.09,0.12,0.13,2.85,3.75,2.46,0.69,0.71,1.6,0.27,0.45,0.23,0.9,0.33,1.27,3.06,21.52,1.51,0.76,0.35,2.48,1.83,0.83,0.96,3.52,2.43,1.97
MYL9,"myosin, light chain 9, regulatory ",244.35,128.18,17.99,0.0,48.24,19.31,21.14,148.46,200.46,4.07,279.63,113.54,22.85,69.25,40.71,87.23,623.16,415.56,35.26,0.48,43.63,3.21,283.14,309.14,237.83,599.94,97.8,115.15,105.22,120.54,223.92,24.95,141.84,3.77,209.09,221.61,28.28,15.0,10.68,642.48,354.56,200.57,769.34,635.18,1439.79,988.72,317.25,20.21,57.68,40.17,379.21,198.01,1147.04,113.25,90.81,220.33,83.38,110.9,427.52,782.27,2.27,935.49,328.39,1770.91,965.0,1044.55,961.41,1008.5,674.59,1047.98,612.3,739.53,673.21,96.83,12.77,944.8,604.9,1.6,1142.51,560.0,146.35,1254.23,697.68,656.62,153.22,1526.12,312.06,657.6,107.96,499.97,1505.27,176.64,457.03,231.33,554.4,567.51,1063.84,1177.53,911.31,779.77,670.45,971.52,441.73,666.47,65.07,854.29,454.99,38.53,660.02,778.12,1042.81,510.63,24.47,958.61,1113.31,845.64,498.76,1032.73,1031.39,1085.85,651.98,1108.82,874.51,1467.33,23.31,856.37,483.41,506.65,506.72,987.11,1147.25,1085.22,1003.76,1838.65,1500.73,313.76,436.05,85.58,2310.46,936.04,1064.41,1306.08,1405.54,1387.1,1748.94,1339.63,1155.16,843.87,656.27,2071.96,1304.65,11.77,5.22,374.27,669.03,829.01,216.53,1538.47,370.34,1383.41,1574.52,565.2,419.03,1708.52,594.11,1187.35,599.64,603.5,1247.12,202.51,1391.22,531.11,1095.3,927.73,1278.74,496.58,533.4,995.45,643.47,672.49,636.68,977.94,646.19,1123.01,816.89,0.0,260.13,643.13,1004.39,613.28,885.88,370.71,811.67,652.95,1463.71,626.3,979.43,607.78,826.24,618.06,941.71,717.43,1355.16,314.71,1072.63,476.7,647.15,860.54,499.12,1109.07,524.38,1098.71,863.41,2342.26,1222.1,653.21,831.73,760.35,432.64,803.16,608.4,645.59,125.59,2040.01,1218.55
MYLK,myosin light chain kinase ,11.61,18.46,24.12,9.54,17.03,5.52,1.4,19.48,12.17,79.63,45.49,19.73,6.76,5.59,25.84,0.27,41.84,40.03,8.75,4.8,12.82,38.23,0.22,22.97,15.85,40.42,9.62,23.47,5.69,13.97,8.87,7.99,12.6,4.89,16.6,26.97,5.6,0.32,8.24,45.16,55.25,35.26,48.95,68.05,73.72,69.42,31.13,3.39,21.63,3.48,24.99,17.65,62.94,6.25,17.37,15.77,7.63,10.91,758.2,242.07,0.94,1235.13,449.93,2182.43,514.65,1071.3,541.82,1084.68,882.95,1410.95,1028.86,643.91,759.65,84.64,22.93,1116.69,228.32,1.12,931.99,747.46,27.9,974.77,845.09,848.38,24.18,1119.28,189.94,675.34,166.65,150.92,1374.75,76.24,923.66,460.71,186.45,425.79,1212.24,1072.49,585.12,610.66,398.63,1301.8,971.43,263.48,22.79,486.67,150.89,6.94,1045.38,1070.31,1868.72,805.16,2.75,1036.62,1493.58,1119.4,877.62,1699.15,877.07,1140.16,707.34,1115.19,1031.86,1761.29,12.96,876.21,289.17,1026.41,1016.47,912.0,1469.01,1807.64,1574.03,2192.58,1566.18,319.19,713.25,106.45,3116.54,1099.08,919.5,866.94,538.98,678.87,906.86,574.99,649.54,1243.31,1278.97,2120.3,798.03,3.06,0.59,88.02,487.19,462.43,272.64,1131.42,413.59,258.3,1600.29,845.56,527.62,2249.78,690.8,1540.09,1022.08,985.96,1557.95,186.22,1209.5,572.19,1695.83,1860.96,3290.25,873.03,609.83,1340.74,817.47,904.34,740.22,1087.16,806.46,1153.33,851.49,3.03,232.52,664.15,1433.42,899.05,1293.08,640.5,1005.19,725.46,1386.2,588.61,1004.75,596.86,875.29,550.19,1848.47,1202.98,733.87,31.6,1096.64,636.51,832.74,860.25,520.08,1514.71,585.44,1023.81,931.41,1774.09,468.36,782.52,1343.36,792.62,418.84,663.45,319.22,1067.05,154.53,2079.93,1419.48
MYO6,myosin VI ,0.89,3.95,7.94,3.34,1.8,0.56,0.51,0.0,0.0,0.0,3.03,6.77,0.27,0.65,0.54,1.85,0.23,0.55,0.21,1.09,1.91,4.79,0.0,3.24,0.92,0.21,0.36,0.59,0.6,2.45,1.99,0.0,14.04,0.05,0.0,0.16,1.33,0.58,4.19,3.58,0.35,0.09,0.36,0.55,0.2,0.14,1.82,0.74,5.42,0.0,1.21,0.95,0.28,0.0,1.08,1.23,1.7,1.09,32.04,8.91,0.03,30.19,96.85,29.77,28.45,26.9,23.39,24.41,22.19,25.01,12.31,16.95,29.32,38.29,21.27,30.21,14.98,0.94,20.39,48.92,2.79,29.37,46.37,36.51,2.74,21.42,48.75,23.93,8.62,4.09,27.0,23.14,10.06,7.19,4.61,39.17,18.53,28.51,18.07,23.28,28.26,17.26,35.34,11.49,7.51,14.84,5.42,1.28,45.3,27.16,17.89,24.61,2.93,41.0,38.26,34.79,8.59,22.67,21.11,40.3,113.68,23.42,81.69,28.37,0.6,28.03,16.6,18.59,50.01,32.14,23.87,43.85,35.5,27.39,37.01,55.51,18.61,9.72,31.99,63.53,23.05,19.74,35.34,18.88,22.26,25.46,44.48,53.59,43.87,18.95,21.63,0.74,1.07,8.3,32.97,31.76,17.87,30.89,52.91,7.48,22.78,22.76,30.18,26.42,18.74,39.81,38.0,44.66,14.67,7.62,31.57,29.15,21.98,47.98,34.29,213.41,21.56,25.33,26.57,29.43,27.87,31.3,40.76,26.95,26.39,0.29,94.65,31.76,32.35,26.45,32.13,29.78,24.2,27.7,32.99,31.81,23.58,22.47,32.04,26.21,34.61,36.85,19.98,3.48,48.21,35.76,76.23,24.06,25.33,25.8,39.63,42.36,46.76,25.52,18.26,44.26,22.69,36.79,67.13,48.6,19.91,29.26,118.54,28.63,105.36
MYOCD,myocardin ,3.14,0.0,17.38,0.0,2.07,0.0,0.11,0.0,5.27,0.0,3.77,9.01,0.0,1.2,1.94,0.0,0.0,0.0,0.0,0.0,0.13,0.0,0.0,0.05,0.88,0.0,0.0,0.0,0.54,1.26,0.0,0.12,9.03,1.94,0.0,0.04,0.67,0.0,11.38,19.43,0.0,0.0,0.0,0.0,0.16,0.0,0.0,1.85,7.15,0.72,0.0,0.03,0.02,2.15,2.69,2.14,0.02,0.0,18.07,9.83,0.0,29.93,6.47,43.64,13.09,27.15,17.26,25.32,26.37,30.37,18.43,20.93,17.04,2.19,22.05,23.99,9.82,1.08,28.98,19.36,1.26,21.29,20.83,25.47,1.32,29.0,6.58,19.09,2.19,6.59,32.94,2.94,17.64,3.86,9.04,13.65,33.43,35.5,13.32,22.99,15.86,36.24,20.93,10.01,0.1,16.86,3.76,0.0,18.71,24.32,26.72,14.91,2.56,19.55,35.32,30.07,15.77,26.79,20.42,29.53,18.36,26.7,26.92,30.9,0.62,18.94,9.54,15.29,14.78,25.59,33.0,38.94,35.14,43.27,35.59,7.23,9.81,4.69,60.86,21.6,31.64,28.57,24.05,26.96,23.98,20.4,25.76,22.93,21.13,36.43,23.43,0.08,2.06,6.05,16.26,18.88,5.42,35.59,10.63,6.54,31.85,25.55,14.43,51.19,12.44,31.83,24.55,17.31,27.34,3.34,29.87,15.62,28.78,34.48,62.42,16.7,18.6,32.0,21.33,22.89,18.37,25.57,16.9,25.18,16.59,0.83,5.17,16.42,37.8,21.39,29.7,12.86,24.92,20.65,38.89,20.56,22.67,12.95,25.19,16.39,37.88,25.93,23.86,1.93,22.37,14.21,17.0,16.53,13.64,27.83,12.68,31.71,25.9,45.61,25.69,20.22,26.5,21.86,8.64,17.5,10.92,21.73,1.94,37.58,25.08
OR51E2,"olfactory receptor, family 51, subfamily E, member 2 ",5.69,5.27,5.02,0.0,0.0,2.25,0.2,0.0,0.0,0.0,0.0,0.0,0.0,6.1,0.0,0.0,0.0,0.0,0.0,0.0,1.8,19.8,51.23,0.0,3.28,0.0,0.0,0.0,1.09,0.0,4.18,12.56,0.0,11.95,0.0,0.0,0.0,0.0,15.9,0.0,0.0,0.0,0.26,0.0,0.0,0.1,0.0,0.0,8.84,0.0,0.52,0.0,0.0,0.0,0.0,8.88,0.0,0.06,55.44,4.98,2.22,2.56,201.71,11.45,39.42,52.21,321.81,10.8,35.66,42.29,17.3,78.41,12.15,38.48,21.79,7.03,36.02,3.57,20.93,111.84,4.18,27.73,327.25,0.91,18.57,61.74,470.71,40.96,48.68,13.5,91.21,40.87,2.15,110.69,1.62,130.76,8.18,27.03,211.73,163.07,332.13,2.96,231.26,8.76,179.19,158.88,55.54,4.38,210.82,191.67,2.32,131.63,5.49,283.92,7.45,136.53,3.82,18.38,22.05,48.9,94.3,63.97,464.33,4.73,1.92,30.08,72.49,6.36,335.3,121.54,81.66,76.11,3.83,6.47,37.34,796.87,239.69,7.04,17.94,112.17,62.9,18.32,142.7,6.37,252.34,21.53,95.66,90.65,114.83,10.69,117.06,2.1,9.61,2.36,261.95,0.7,497.87,70.55,429.76,3.23,31.98,15.24,282.54,9.15,151.63,39.55,17.49,100.49,5.1,42.54,3.55,145.34,4.29,24.5,2.64,300.8,26.76,20.74,101.4,7.94,146.08,18.53,198.02,55.92,80.71,0.0,226.58,200.97,2.22,46.89,157.18,76.43,32.1,54.24,30.2,152.63,5.94,28.01,5.13,83.11,45.2,52.49,15.47,9.75,67.77,229.07,18.73,73.72,64.16,26.93,186.61,3.4,172.47,3.08,41.04,47.41,2.94,17.32,302.5,305.36,184.58,14.86,40.79,26.17,44.59
PLA2G7,"phospholipase A2, group VII (platelet-activating factor acetylhydrolase, plasma) ",0.0,0.0,0.0,0.0,0.0,0.0,0.88,0.0,25.83,0.0,0.0,17.24,0.19,0.0,0.0,0.0,8.69,2.42,2.83,0.0,0.0,0.0,0.0,4.59,6.99,1.25,0.0,3.32,0.0,0.0,0.0,0.0,0.0,0.0,0.35,1.04,0.0,0.0,0.0,0.0,1.75,1.33,3.82,1.38,0.0,1.13,7.38,0.0,3.36,0.11,4.07,2.2,1.07,3.83,0.0,9.19,0.22,1.92,15.38,4.16,0.0,6.92,90.0,6.97,15.27,8.05,8.88,12.9,7.71,9.35,4.13,9.06,3.23,60.12,2.38,12.27,7.75,0.23,11.83,13.3,1.23,15.84,40.14,7.75,0.82,12.52,9.38,9.78,0.55,5.24,7.28,10.2,1.67,1.84,1.95,30.06,5.15,3.97,6.89,16.75,29.96,6.52,24.33,7.17,8.26,4.65,0.29,1.06,33.84,13.08,9.48,7.17,0.55,14.08,33.94,20.69,0.23,4.16,4.95,20.96,178.97,11.12,60.67,8.59,0.16,18.46,9.74,11.57,27.22,12.36,9.02,16.91,10.14,6.0,16.81,12.94,13.14,8.1,14.13,70.81,7.74,8.44,15.88,14.36,4.9,6.26,25.38,20.31,11.77,4.66,9.89,0.0,1.33,6.99,48.17,9.89,7.05,11.87,12.99,0.0,4.89,5.52,23.58,12.08,7.26,10.91,6.97,8.4,2.7,3.2,9.15,19.6,6.78,15.45,9.0,45.68,10.12,13.87,14.24,20.3,13.87,11.56,26.08,6.2,11.02,0.25,42.59,18.05,8.1,8.28,9.35,19.7,14.16,18.23,14.52,32.87,2.89,8.39,13.06,10.75,9.69,17.36,13.0,1.69,64.19,9.25,14.61,7.38,4.06,8.76,23.05,18.26,52.74,7.9,15.72,8.33,6.68,15.06,49.57,21.72,14.45,28.77,48.47,8.02,46.18
PTGS1,prostaglandin-endoperoxide synthase 1 (prostaglandin G/H synthase and cyclooxygenase) ,184.03,54.85,21.79,47.75,63.07,67.5,16.93,130.75,46.4,20.37,506.06,48.92,39.63,45.65,89.77,33.69,220.51,250.56,64.31,1.71,35.49,92.41,40.29,204.09,78.38,296.59,78.68,116.73,32.11,122.54,63.59,54.32,107.45,31.62,146.53,221.37,16.18,17.92,15.1,227.33,271.99,195.18,357.92,392.0,547.41,633.86,169.54,21.06,133.39,39.01,230.01,168.63,490.5,122.55,102.89,141.44,71.0,70.64,5.42,10.17,0.19,9.15,9.14,98.28,13.01,18.24,5.07,55.54,9.87,45.43,7.54,16.35,11.82,7.39,23.96,12.19,4.32,0.29,26.74,15.39,0.57,5.72,9.14,22.37,0.45,27.55,1.85,4.31,2.73,2.33,4.32,3.49,24.76,3.66,4.68,6.52,11.54,6.67,2.3,3.85,3.32,17.03,3.75,22.02,1.2,7.35,0.84,0.15,2.5,2.48,15.81,5.6,2.06,13.22,18.72,10.12,11.34,15.31,19.58,9.51,9.14,28.42,13.71,25.03,0.0,8.69,4.99,14.67,7.15,11.85,3.46,9.59,27.5,66.72,24.88,3.76,4.52,2.57,98.33,15.95,39.55,8.7,5.1,7.05,5.96,7.76,32.25,9.38,9.47,116.19,36.51,0.22,1.55,9.8,3.38,6.48,8.04,148.11,2.68,44.08,76.53,30.13,3.46,90.92,7.59,20.94,8.37,7.16,33.96,2.01,86.98,3.19,17.2,12.81,14.36,2.8,8.28,39.39,6.05,10.36,4.27,9.58,8.33,42.16,15.19,0.34,3.41,8.96,8.77,10.82,12.8,10.02,17.72,9.04,18.29,6.1,19.46,9.13,9.1,4.25,23.28,6.84,36.08,1.82,10.56,2.34,10.35,8.3,4.47,42.08,4.02,13.57,8.53,48.76,34.14,9.2,62.52,17.72,3.58,1.42,8.75,20.47,5.01,54.31,28.64
RNF112,ring finger protein 112 ,0.0,0.0,0.0,0.0,9.3,7.1,0.94,1.16,0.0,65.79,0.0,11.83,3.59,0.0,2.89,0.0,0.71,0.95,3.12,0.0,0.8,0.0,0.2,0.0,7.05,3.74,5.47,0.39,0.84,0.0,0.09,0.0,19.7,0.0,3.65,2.54,0.83,0.0,6.72,21.2,0.85,1.38,0.94,0.7,0.72,2.04,1.17,0.0,8.45,3.36,3.31,1.63,1.44,3.99,0.0,1.78,3.84,1.67,2.38,12.97,0.0,4.47,1.46,20.31,16.11,29.71,6.33,25.38,3.65,26.26,5.26,12.51,5.18,0.33,14.05,17.82,2.43,0.37,18.99,12.55,1.36,6.63,8.08,2.86,0.75,22.07,1.78,2.44,1.94,6.58,8.08,0.47,1.77,1.93,13.73,7.08,4.16,9.29,6.88,3.14,2.23,4.2,4.87,1.63,1.2,15.36,0.98,0.0,1.25,2.02,0.12,2.47,3.95,5.09,2.94,3.64,10.85,2.58,14.76,6.91,3.65,13.5,5.39,35.81,1.3,8.32,5.14,6.12,1.04,6.9,4.44,10.54,4.99,31.28,6.38,2.58,5.95,0.0,18.54,3.86,20.54,12.4,7.56,2.81,7.21,8.4,6.5,2.82,2.81,12.98,25.14,0.68,0.0,4.04,3.1,2.06,6.09,4.91,4.91,16.05,14.35,22.98,3.61,8.88,3.16,6.05,3.69,2.27,7.94,1.03,4.74,3.11,7.36,9.86,2.32,3.5,7.1,23.54,12.06,4.71,2.79,14.59,14.91,7.53,7.41,1.83,1.45,7.12,3.08,11.92,9.75,6.8,18.1,8.0,6.44,2.73,32.45,15.29,3.52,6.11,19.97,6.3,8.41,5.08,7.69,3.76,7.27,7.33,4.32,16.26,1.35,3.41,4.85,13.5,8.08,9.18,31.0,12.06,1.22,3.18,4.51,11.39,0.13,12.64,8.61
SLPI,secretory leukocyte peptidase inhibitor ,128.37,94.08,202.22,108.47,44.89,43.11,222.25,106.67,0.0,1.5,0.0,0.0,54.05,95.42,77.9,85.8,21.94,1.11,30.49,0.57,75.43,0.0,0.0,494.59,5.6,23.76,126.39,38.54,111.87,269.94,21.89,68.33,177.77,0.0,1.98,47.01,24.62,49.03,26.19,0.0,5.01,3.32,5.91,4.29,5.57,19.3,0.0,199.01,7.95,74.19,130.86,7.21,3.83,63.5,17.71,22.59,8.06,8.39,12.54,35.85,0.0,79.63,5.63,14.64,22.9,21.58,31.34,10.11,75.77,16.18,2.24,10.05,56.57,4.61,16.41,19.81,6.02,0.0,2.18,10.23,2.51,34.26,14.33,158.64,60.05,8.14,11.61,10.88,0.66,2.71,9.56,4.91,27.78,0.0,9.51,7.35,23.8,20.03,58.68,9.1,4.62,74.09,7.53,14.23,11.42,16.96,6.42,0.0,18.77,9.17,9.49,6.53,1.96,22.9,65.53,75.81,3.28,17.59,15.98,85.37,50.5,2.39,12.11,86.95,6.58,2.91,5.06,26.39,18.1,26.09,10.82,19.88,115.83,18.16,62.88,54.05,14.11,0.0,3.68,10.78,52.36,13.13,24.41,366.38,12.04,35.34,30.26,299.11,35.71,3.02,12.27,0.0,0.0,4.21,7.6,589.32,8.22,17.95,15.71,6.69,17.29,24.7,3.66,67.65,12.77,201.42,24.69,12.43,0.0,7.79,100.88,130.57,9.24,26.12,128.62,11.58,128.82,6.46,14.98,41.24,3.7,12.44,12.86,7.02,8.25,0.0,31.95,22.28,164.81,81.09,10.17,17.51,11.12,36.87,35.57,68.14,8.43,8.16,15.01,104.27,2.14,7.45,41.21,11.17,55.37,15.52,50.96,12.3,30.33,42.6,14.12,205.64,37.78,19.09,7.08,20.76,15.97,89.34,18.59,8.02,29.08,13.89,4.73,17.4,14.18
SORBS1,sorbin and SH3 domain containing 1 ,7.8,0.29,0.1,0.0,2.14,3.41,0.26,5.13,0.0,0.0,1.98,6.2,0.42,2.35,2.49,4.04,1.98,0.7,0.32,0.61,0.77,43.57,21.38,2.87,4.13,1.09,0.0,0.53,0.92,3.58,0.0,0.0,28.54,9.66,0.33,1.36,1.02,0.0,3.28,6.96,0.92,1.08,0.78,1.4,0.75,1.96,0.5,1.99,5.92,1.89,1.09,0.66,0.99,0.0,0.0,0.0,0.41,0.63,154.01,86.26,0.26,265.44,123.13,570.62,141.29,207.34,157.55,247.38,191.82,267.11,179.92,170.81,211.31,37.36,13.73,226.73,77.21,0.96,212.71,150.74,11.06,255.6,209.55,199.46,14.54,310.82,63.74,185.51,41.47,48.94,279.87,30.08,168.84,84.36,57.31,101.12,219.13,309.93,188.12,136.93,122.57,270.2,165.62,81.12,5.68,131.68,70.44,0.72,225.67,181.28,310.5,145.58,2.35,208.24,342.28,235.25,107.57,216.78,245.54,278.97,185.24,201.48,228.92,363.7,2.32,172.23,63.9,123.23,182.1,262.07,217.87,322.68,338.98,399.19,442.62,100.9,93.43,13.39,450.16,153.49,231.59,357.65,202.59,243.16,336.41,292.85,235.66,145.33,166.14,410.35,233.59,0.97,0.7,30.23,150.93,116.64,72.14,382.56,136.08,113.41,466.43,185.57,155.6,335.47,111.67,232.16,217.44,226.49,209.15,38.76,334.91,129.15,194.1,272.93,443.58,175.13,151.01,312.53,225.16,219.21,169.42,278.58,184.99,278.2,191.19,1.44,77.72,167.63,255.84,175.57,264.73,122.31,244.23,209.06,298.16,159.85,330.64,188.03,232.55,165.13,307.33,216.44,262.84,12.41,226.1,131.61,176.61,170.53,114.57,238.39,110.98,255.01,212.95,464.55,242.03,211.11,215.32,211.04,158.02,187.66,92.43,221.85,31.67,473.11,323.11
SVIL,supervillin ,5.95,20.29,23.38,24.87,110.67,108.29,25.73,20.19,37.36,30.53,30.33,8.24,70.34,9.88,53.55,14.69,25.34,55.28,55.64,3.16,25.37,7.37,14.02,24.24,9.51,77.55,31.98,65.78,10.21,28.31,15.26,28.21,13.8,44.45,77.32,46.17,17.58,16.49,12.06,39.53,85.03,92.36,68.68,53.13,41.06,97.85,24.8,18.06,52.52,48.58,48.37,53.32,45.62,29.44,9.51,63.31,32.16,46.38,55.87,86.36,0.17,99.21,35.3,254.72,114.44,146.29,109.05,145.98,75.52,171.6,48.07,90.67,150.87,21.28,19.37,128.93,64.81,0.34,139.11,108.0,16.43,149.64,101.27,101.41,11.61,197.86,61.18,68.55,12.37,48.1,158.23,18.87,43.67,16.72,56.09,77.19,105.96,153.19,97.13,95.03,77.99,96.68,50.77,70.99,13.05,90.02,83.01,3.88,67.81,54.68,62.68,37.61,4.29,125.3,188.56,135.34,57.11,85.89,133.14,149.82,106.18,166.17,126.5,184.35,2.9,109.54,69.47,47.58,53.95,115.32,121.76,155.86,144.98,293.32,188.5,57.14,40.3,7.87,230.48,93.67,140.63,175.53,142.35,140.98,184.37,191.34,135.74,70.42,49.71,164.84,171.4,1.36,2.02,31.28,86.55,82.68,53.66,218.47,71.48,112.9,207.41,97.99,70.63,148.84,49.26,84.52,85.34,79.55,80.12,21.13,118.55,54.44,80.49,110.28,150.05,75.64,79.13,167.15,119.39,106.82,96.64,151.02,107.86,176.31,130.06,0.56,46.8,90.56,137.41,103.63,126.41,65.35,127.04,101.21,169.48,91.71,300.79,84.87,113.97,106.83,230.25,121.28,153.26,25.5,149.47,72.3,91.73,94.02,79.41,152.21,58.54,125.05,116.34,238.25,117.54,105.97,134.41,116.1,65.83,108.75,69.63,103.6,21.58,239.75,179.5
TDRD1,tudor domain containing 1 ,2.68,0.0,0.0,0.0,0.0,0.0,0.0,0.0,0.0,0.0,0.0,0.0,0.0,0.0,0.0,0.0,0.49,0.12,0.65,0.0,0.0,0.0,25.57,0.0,0.0,0.12,0.0,0.0,0.0,0.0,0.0,0.0,0.0,0.0,0.0,0.24,0.0,0.0,1.34,9.73,0.06,0.03,0.12,0.49,0.0,0.0,0.1,0.0,2.72,0.29,0.0,0.0,0.13,5.44,0.05,0.0,0.08,0.23,5.88,0.16,0.34,0.4,32.58,0.3,5.67,1.41,0.79,0.77,0.39,1.43,0.24,0.0,0.12,0.0,13.47,0.18,0.53,0.09,0.17,16.96,0.0,0.57,14.13,0.32,0.08,0.47,0.44,0.32,4.13,0.35,0.49,2.26,0.0,1.3,0.11,5.6,0.36,0.1,0.0,0.09,13.28,0.15,6.54,0.0,0.0,0.04,0.8,0.42,0.68,0.11,0.09,0.77,0.86,1.01,0.0,0.86,0.0,0.11,0.56,0.72,2.54,0.22,5.13,0.82,0.0,0.23,3.92,0.0,1.52,5.73,1.24,2.86,0.33,0.1,0.33,0.61,1.63,3.37,2.79,19.78,0.84,0.37,13.28,0.65,0.49,0.0,6.07,0.41,1.9,0.18,3.84,0.0,0.0,0.92,24.26,0.13,0.43,0.48,0.69,0.46,1.04,0.87,10.56,0.73,0.05,0.61,1.09,2.44,0.0,0.07,0.24,3.5,0.59,3.51,0.45,14.98,0.58,0.08,4.39,0.49,2.3,0.79,6.05,0.44,0.56,1.02,31.07,0.48,0.21,0.58,0.76,0.55,0.06,0.24,0.58,5.12,0.14,1.72,0.55,0.89,0.7,1.91,0.46,0.0,21.46,1.3,19.11,1.07,1.26,0.24,0.45,0.31,12.49,0.92,4.37,0.7,0.56,1.11,23.04,0.51,3.04,0.24,0.22,0.27,22.16
TFF3,trefoil factor 3 (intestinal) ,18.33,35.46,0.0,0.0,22.36,2.48,3.27,44.73,0.0,150.41,0.0,0.0,0.0,0.0,1.69,0.0,2.38,0.64,0.0,13.52,24.41,0.0,0.0,0.0,4.89,0.87,0.0,0.18,4.93,13.02,70.31,37.2,53.53,32.92,0.34,0.22,5.41,4.52,5.89,0.0,0.0,0.81,1.79,0.0,0.0,0.0,0.0,2.44,6.25,0.0,10.92,0.0,0.11,0.0,0.0,15.11,0.0,0.59,0.64,2.27,0.32,0.53,0.96,2.0,4.89,5.27,33.82,2.62,5.72,7.12,6.3,16.24,2.15,1.76,12.48,2.72,5.0,0.41,4.27,12.38,0.0,5.57,1.98,1.09,5.0,15.89,297.05,4.06,17.6,4.7,16.11,2.19,0.76,8.63,1.28,6.65,1.7,3.79,39.14,7.85,9.23,0.0,40.65,11.18,10.42,37.04,16.3,0.39,18.43,19.19,4.59,13.61,2.01,47.84,2.04,10.97,0.0,5.68,8.56,5.23,4.43,7.32,6.81,3.81,1.42,8.66,24.85,0.0,14.53,3.16,4.1,5.24,0.72,2.82,12.1,154.78,41.76,0.0,0.16,5.48,6.89,6.91,13.99,1.27,19.43,2.89,2.67,14.06,18.29,2.55,26.93,0.0,0.0,2.15,5.36,0.25,26.99,6.76,83.64,1.85,8.26,2.33,13.32,0.55,30.72,11.05,2.08,7.67,2.68,0.62,1.93,14.67,0.0,2.25,1.23,4.59,4.42,1.92,3.22,3.97,25.58,2.75,2.83,10.68,18.11,0.0,6.25,41.0,0.43,3.75,17.11,14.2,4.28,9.57,3.05,3.88,1.83,13.81,2.74,31.71,6.09,16.01,5.02,0.39,1.89,30.84,29.88,11.88,25.03,1.55,17.43,0.34,1.68,2.45,9.15,4.05,0.49,2.38,0.81,16.15,22.81,3.94,33.29,1.43,4.91
TGFBR3,"transforming growth factor, beta receptor III ",25.46,2.34,16.98,4.34,8.25,3.85,6.59,1.25,21.7,0.09,3.36,7.92,9.11,3.12,2.64,0.0,3.66,2.91,6.31,1.04,12.94,21.14,9.66,2.98,2.71,3.17,10.32,3.15,0.85,9.58,4.44,3.31,13.79,0.0,0.87,3.59,0.41,0.43,7.83,13.43,3.15,0.73,1.33,8.69,2.97,0.16,18.39,0.74,10.86,1.88,1.12,2.28,1.4,2.64,8.98,4.18,41.18,14.03,34.09,14.02,0.0,55.45,21.94,64.43,26.01,49.4,27.45,56.48,35.76,53.47,38.0,31.56,61.29,11.09,17.42,42.0,12.58,0.31,40.34,40.33,2.57,38.26,38.91,70.42,5.38,43.1,14.79,34.67,12.32,9.0,47.87,4.98,41.87,28.38,11.13,24.92,37.5,45.8,24.37,27.4,22.91,46.74,36.98,27.19,1.94,31.7,17.82,0.81,45.59,53.92,49.97,37.85,5.8,33.33,39.35,37.5,43.49,52.97,37.26,46.01,33.84,42.36,38.32,72.12,0.72,37.57,16.3,41.65,46.16,37.09,52.08,74.46,62.3,93.44,73.22,25.03,23.71,4.29,91.57,45.11,47.24,50.91,21.16,39.82,44.58,61.08,30.7,70.08,41.8,79.04,47.23,0.55,0.21,8.66,22.1,71.47,17.61,48.58,22.28,17.08,53.66,51.33,25.75,78.6,31.01,64.79,43.51,44.74,49.83,10.82,46.21,29.52,57.16,61.38,81.89,28.55,30.54,52.64,39.92,33.08,24.26,51.45,37.76,39.47,42.03,0.66,15.8,27.36,56.74,55.34,60.32,34.6,37.76,30.74,41.68,31.02,63.02,40.52,28.04,37.18,77.0,54.53,33.15,2.43,43.15,28.31,33.77,34.8,25.63,60.81,32.38,59.76,35.71,78.72,42.09,36.87,65.63,42.43,26.6,31.79,18.88,59.82,8.96,67.58,51.12
TIMP3,TIMP metallopeptidase inhibitor 3 ,10.37,4.05,3.2,0.0,10.56,0.32,2.06,0.0,0.0,0.0,9.14,0.0,0.44,0.0,1.39,2.59,1.67,0.32,0.0,4.51,1.42,0.0,0.0,0.0,3.71,1.25,0.91,0.73,0.32,1.13,0.0,2.89,23.56,8.92,0.59,1.18,0.0,0.0,4.49,19.5,0.68,2.13,1.6,2.5,2.28,0.46,0.16,0.2,8.27,0.51,1.12,1.44,0.5,5.15,0.08,4.14,0.75,0.25,203.91,144.86,0.55,254.84,107.02,431.24,224.24,384.84,179.09,434.59,242.32,376.88,249.61,290.35,367.72,32.87,16.47,272.34,92.82,0.78,270.9,281.99,13.54,213.45,223.67,302.35,36.22,403.77,55.92,259.78,66.77,68.09,299.4,37.11,209.5,141.2,123.57,168.77,262.38,372.55,205.63,161.9,192.86,413.95,284.91,157.19,21.45,266.06,131.58,3.33,204.84,278.89,311.85,273.63,3.61,190.83,198.57,166.42,335.35,344.06,319.42,237.29,169.88,310.18,301.17,669.7,6.65,251.47,146.37,236.56,206.2,279.16,269.33,430.78,279.18,487.9,383.52,160.22,159.6,33.39,749.11,388.46,365.61,376.42,168.58,325.67,282.71,436.04,224.52,273.15,318.96,560.04,321.43,4.18,2.35,69.08,163.46,253.64,134.16,235.98,143.44,82.53,294.01,397.79,158.56,469.57,233.22,382.16,268.5,199.0,341.4,80.32,212.88,156.8,549.74,459.85,359.0,146.9,270.8,358.48,298.56,209.13,141.88,366.35,239.75,232.7,245.21,1.21,106.7,219.92,355.74,431.81,416.58,248.67,263.26,207.08,224.35,193.4,579.72,342.8,202.14,251.55,482.59,304.13,131.46,27.08,206.97,134.36,193.65,254.98,150.83,358.44,167.05,301.86,215.01,476.52,255.18,198.57,426.55,257.43,147.21,195.81,136.4,304.53,51.53,397.31,300.39
